platform filter|title|age|releaseDate|BADLANGUAGE|DISCRIMINATION|DRUGS|FEAR|GAMBLING|SEX|VIOLENCE|INGAMEPURCHASES|content|publisher|platform list
Nintendo Wii U|FINDING TEDDY 2|7|02/03/2020|N|N|N|N|N|N|Y|N|FINDING TEDDY II â¦ Enter a new adventure. After the success of Finding Teddy, discover the sequel to this fanstasy adventure. Once again youâll have to solve numerous puzzles and find your way out...|Free Agent Games|Nintendo Wii U, Nintendo Switch
Nintendo Wii U|SHMUP Collection|7|15/02/2020|N|N|N|N|N|N|Y|N|SHMUP Collection regroups two superb Shoot'Em Up. Get ready to blast all enemies, and force your way out of this alien infested universe.|Free Agent Games|Nintendo Wii U
Nintendo Wii U|Just Dance 2019|3|25/10/2018|N|N|N|N|N|N|N|N|Just Dance 2019 is a dancing simulation game in which players learn and perform dancing steps by following the dancing coaches on screen.|Ubisoft EMEA|Nintendo Switch, Nintendo Wii, Nintendo Wii U, XBox 360, Xbox One, PlayStation 4
Nintendo Wii U|Just Dance 2018|3|24/10/2017|N|N|N|N|N|N|N|N|Pick your favourite song and dance along with the fun choreography in the newest instalment of this well-known dance simulation series.|Ubisoft EMEA|Nintendo Wii U
Nintendo Wii U|Schlag den Star - Das Spiel|3|15/09/2017|N|N|N|N|N|N|N|N|A party game in which the players can compete in a row of action/trivia mini games. The game takes place in a TV-show environment, with cheering audience and commentary. The characters cannot interact...|bitComposer Interactive GmbH|Nintendo Wii U
Nintendo Wii U|Axiom Verge|12|22/06/2017|Y|N|N|N|N|N|Y|N|Axiom Verge is a side-scroller action-adventure game where the player will control Trace, a man who after suffering a fatal injury wakes up in an ancient and high-tech world.|Professional Publishing SPL, S.L|Nintendo Wii U
Nintendo Wii U|Cars 3: Driven to Win|7|13/06/2017|N|N|N|N|N|N|Y|N|Challenge the well-known characters from the movie franchise âCarsâ to a race and come out as the all-time champion.|Warner Brothers Entertainment UK Ltd|Nintendo Wii U
Nintendo Wii U|Darksiders: Warmastered Edition|18|23/05/2017|N|N|N|N|N|N|Y|N|Defeat the enemies of heaven and hell to restore the balance.|THQ Nordic|Nintendo Wii U, Nintendo Switch
Nintendo Wii U|The Legend of Zelda: Breath of the Wild|12|03/03/2017|N|N|N|N|N|N|Y|N|A new chapter in The Legend of Zelda franchise. Explore and discover in this open world adventure.|Nintendo of Europe GmbH|Nintendo Wii U
Nintendo Wii U|Get Off My Lawn!|7|31/12/2016|N|N|N|N|N|N|Y|N||Digital Leisure Inc.|Nintendo Wii U
Nintendo Wii U|LEGO Dimensions â Fantastic Beasts and Where to Find Themâ¢ Story Pack|7|18/11/2016|N|N|N|Y|N|N|Y|N|A story driven action adventure game which is part of the âLEGO Dimensionsâ franchise. This particular iteration will have you wondering in the universe of âFantastic Beasts and Where to Find Themâ,...|Warner Brothers Entertainment UK Ltd|Nintendo Wii U
Nintendo Wii U|Shantae: Half-Genie Hero|12|15/11/2016|N|N|N|N|N|N|Y|N|Shantae is roused from a deep sleep and, suddenly alert, she plunges into the moonlit forest in search of answers. In nearby Scuttle Town she discovers a mysterious trapdoor, and beyond that, a luminous...|WayForward Technologies, Inc.|Nintendo Wii U
Nintendo Wii U|Just Dance 2017|3|27/10/2016|N|N|N|N|N|N|N|N|Pick your favourite song and dance along with the fun choreography in the newest instalment of this well-known dance simulation series.|Ubisoft EMEA|Nintendo Wii U
Nintendo Wii U|Minecraft: Story Mode - The Complete Adventure|12|18/10/2016|Y|N|N|N|N|N|N|N|Jesse and his group of friends revere the legendary Order of the Stone; four adventurers who slayed an Ender Dragon. The Order are the very best at what they do: Warrior, Redstone Engineer, Griefer, and...|Telltale Games|Nintendo Wii U
Nintendo Wii U|Skylanders Imaginators|7|14/10/2016|N|N|N|Y|N|N|Y|N|Evil Kaos has discovered the ancient power of Mind Magic and is using it to create an unstoppable army of Doomlanders! With help of the Senseis, you have to stop Kaos and his minions and use the power...|Activision Blizzard UK Ltd|Nintendo Wii U
Nintendo Wii U|Paper Mario: Color Splash|3|07/10/2016|N|N|N|N|N|N|N|N|Color is being drained from the world. Mario and his sidekick go looking for the paint stars on Prism Island to restore the color. The game combines traditional role-playing game (RPG) elements with concepts...|Nintendo of Europe GmbH|Nintendo Wii U
Nintendo Wii U|FAST Racing NEO|3|29/09/2016|N|N|N|N|N|N|N|N||Shin'en Multimedia GmbH|Nintendo Wii U
Nintendo Wii U|SteamWorld Heist|7|29/09/2016|N|N|N|N|N|N|Y|N|Play as Captain Piper and her team of fellow steambots as they explore outer space in pursuit of the galaxyâs dwindling water reserves. Your adventures will take you on board many enemy ships ready to...|Thunderful Publishing AB|Nintendo Wii U
Nintendo Wii U|Unepic|12|01/09/2016|Y|N|N|N|N|N|N|N|2D platform adventure where you play a teenager transported into a dungeons and dragons style RPG and have to find your your way through a castle's labyrinths fighting off attacking enemies.|Francisco Tellez de Meneses (sole vendor)|PlayStation 4, PlayStation Vita, Nintendo Switch, Xbox One, Nintendo Wii U
Nintendo Wii U|Minecraft: WiiU Edition|7|30/06/2016|N|N|N|Y|N|N|Y|N||Microsoft studios|Nintendo Wii U
Nintendo Wii U|LEGO Star Wars: The Force Awakens|7|28/06/2016|N|N|N|Y|N|N|Y|N|A story driven action adventure game which follows the plot of the movie Star Wars: The Force Awakens. The game includes Lego versions of the movieâs characters, who battle against the evil First Order...|Warner Brothers Entertainment UK Ltd|Nintendo Wii U
Nintendo Wii U|Tokyo Mirage Sessions #FE|12|24/06/2016|Y|N|N|N|N|N|Y|N|Set in modern-day Tokyo, our heroes are Mirage Masters who fight back against invading Mirages from another world, while pursuing their careers as entertainers.|Nintendo of Europe GmbH|Nintendo Wii U
Nintendo Wii U|Mario &amp; Sonic at the Rio 2016 Olympic Games|7|24/06/2016|N|N|N|N|N|N|Y|N|This is a sports game in which characters from the Mario and Sonic series compete in a variety of events at the Summer Olympic Games in Rio de Janeiro. Players get to partake in mini-game versions of various...|Nintendo of Europe GmbH|Nintendo Wii U
Nintendo Wii U|Disney Infinity 3.0: Disneyâ¢Pixar Finding Dory Play set|7|15/06/2016|N|N|N|N|N|N|Y|N|This is an add-on to the Disney Infinity 3.0 series. It is set in the Finding Dory universe: swimming through various underwater locales, players go out in search of Doryâs family.|The Walt Disney Company Ltd|Nintendo Wii U
Nintendo Wii U|Dex|16|20/05/2016|Y|N|N|N|N|N|Y|N|Dex, an augmented woman in the Harbor Prime city, has got on the wrong side of âThe Complexâ, a combined authority of the city's largest corporations. They send assassins after her, and she only escapes...|Professional Publishing SPL, S.L|Nintendo Wii U
Nintendo Wii U|The Book of Unwritten Tales 2|12|10/05/2016|Y|N|N|N|N|Y|Y|N|The elf princess Ivo is feeling unwell when it transpires that she is pregnant, although not via conventional means. Join Ivo, Nate and Wilbur on their adventure to find the cause of the epidemic in Seastone...|THQ Nordic|Nintendo Wii U
Nintendo Wii U|Star Fox Zero|7|22/04/2016|N|N|N|N|N|N|Y|N|Star Fox Zero is a 3D scrolling shooter game with a sci-fi theme. As fighter pilot Fox McCloud, you are tasked with saving the Lylat star system from the tyranny of the evil Emperor Andross. Alongside...|Nintendo of Europe GmbH|Nintendo Wii U
Nintendo Wii U|Star Fox Guard|7|22/04/2016|N|N|N|N|N|N|Y|N||Nintendo of Europe GmbH|Nintendo Wii U
Nintendo Wii U|Mighty No. 9|12|19/04/2016|N|N|N|N|N|N|Y|N|You play as a human looking android called Beck, the ninth of a series of combat robots called Mighty Numbers. A computer virus has attacked your fellow unit and other machines across the globe. Beck must...|Koch Media GmbH (Austria)|Nintendo Wii U
Nintendo Wii U|PixelJunk Monsters|3|14/04/2016|N|N|N|N|N|N|N|N||Double Eleven Limited|Nintendo Wii U
Nintendo Wii U|LEGO Star Wars: The Force Awakens|7|28/06/2016|N|N|N|Y|N|N|Y|N|A story driven action adventure game which follows the plot of the movie Star Wars: The Force Awakens. The game includes Lego versions of the movieâs characters, who battle against the evil First Order...|Warner Brothers Entertainment UK Ltd|Nintendo Wii U
Nintendo Wii U|Tokyo Mirage Sessions #FE|12|24/06/2016|Y|N|N|N|N|N|Y|N|Set in modern-day Tokyo, our heroes are Mirage Masters who fight back against invading Mirages from another world, while pursuing their careers as entertainers.|Nintendo of Europe GmbH|Nintendo Wii U
Nintendo Wii U|Mario &amp; Sonic at the Rio 2016 Olympic Games|7|24/06/2016|N|N|N|N|N|N|Y|N|This is a sports game in which characters from the Mario and Sonic series compete in a variety of events at the Summer Olympic Games in Rio de Janeiro. Players get to partake in mini-game versions of various...|Nintendo of Europe GmbH|Nintendo Wii U
Nintendo Wii U|Disney Infinity 3.0: Disneyâ¢Pixar Finding Dory Play set|7|15/06/2016|N|N|N|N|N|N|Y|N|This is an add-on to the Disney Infinity 3.0 series. It is set in the Finding Dory universe: swimming through various underwater locales, players go out in search of Doryâs family.|The Walt Disney Company Ltd|Nintendo Wii U
Nintendo Wii U|Dex|16|20/05/2016|Y|N|N|N|N|N|Y|N|Dex, an augmented woman in the Harbor Prime city, has got on the wrong side of âThe Complexâ, a combined authority of the city's largest corporations. They send assassins after her, and she only escapes...|Professional Publishing SPL, S.L|Nintendo Wii U
Nintendo Wii U|The Book of Unwritten Tales 2|12|10/05/2016|Y|N|N|N|N|Y|Y|N|The elf princess Ivo is feeling unwell when it transpires that she is pregnant, although not via conventional means. Join Ivo, Nate and Wilbur on their adventure to find the cause of the epidemic in Seastone...|THQ Nordic|Nintendo Wii U
Nintendo Wii U|Star Fox Zero|7|22/04/2016|N|N|N|N|N|N|Y|N|Star Fox Zero is a 3D scrolling shooter game with a sci-fi theme. As fighter pilot Fox McCloud, you are tasked with saving the Lylat star system from the tyranny of the evil Emperor Andross. Alongside...|Nintendo of Europe GmbH|Nintendo Wii U
Nintendo Wii U|Star Fox Guard|7|22/04/2016|N|N|N|N|N|N|Y|N||Nintendo of Europe GmbH|Nintendo Wii U
Nintendo Wii U|Mighty No. 9|12|19/04/2016|N|N|N|N|N|N|Y|N|You play as a human looking android called Beck, the ninth of a series of combat robots called Mighty Numbers. A computer virus has attacked your fellow unit and other machines across the globe. Beck must...|Koch Media GmbH (Austria)|Nintendo Wii U
Nintendo Wii U|PixelJunk Monsters|3|14/04/2016|N|N|N|N|N|N|N|N||Double Eleven Limited|Nintendo Wii U
Nintendo Wii U|LEGO Star Wars: The Force Awakens|7|28/06/2016|N|N|N|Y|N|N|Y|N|A story driven action adventure game which follows the plot of the movie Star Wars: The Force Awakens. The game includes Lego versions of the movieâs characters, who battle against the evil First Order...|Warner Brothers Entertainment UK Ltd|Nintendo Wii U
Nintendo Wii U|Tokyo Mirage Sessions #FE|12|24/06/2016|Y|N|N|N|N|N|Y|N|Set in modern-day Tokyo, our heroes are Mirage Masters who fight back against invading Mirages from another world, while pursuing their careers as entertainers.|Nintendo of Europe GmbH|Nintendo Wii U
Nintendo Wii U|Mario &amp; Sonic at the Rio 2016 Olympic Games|7|24/06/2016|N|N|N|N|N|N|Y|N|This is a sports game in which characters from the Mario and Sonic series compete in a variety of events at the Summer Olympic Games in Rio de Janeiro. Players get to partake in mini-game versions of various...|Nintendo of Europe GmbH|Nintendo Wii U
Nintendo Wii U|Disney Infinity 3.0: Disneyâ¢Pixar Finding Dory Play set|7|15/06/2016|N|N|N|N|N|N|Y|N|This is an add-on to the Disney Infinity 3.0 series. It is set in the Finding Dory universe: swimming through various underwater locales, players go out in search of Doryâs family.|The Walt Disney Company Ltd|Nintendo Wii U
Nintendo Wii U|Dex|16|20/05/2016|Y|N|N|N|N|N|Y|N|Dex, an augmented woman in the Harbor Prime city, has got on the wrong side of âThe Complexâ, a combined authority of the city's largest corporations. They send assassins after her, and she only escapes...|Professional Publishing SPL, S.L|Nintendo Wii U
Nintendo Wii U|The Book of Unwritten Tales 2|12|10/05/2016|Y|N|N|N|N|Y|Y|N|The elf princess Ivo is feeling unwell when it transpires that she is pregnant, although not via conventional means. Join Ivo, Nate and Wilbur on their adventure to find the cause of the epidemic in Seastone...|THQ Nordic|Nintendo Wii U
Nintendo Wii U|Star Fox Zero|7|22/04/2016|N|N|N|N|N|N|Y|N|Star Fox Zero is a 3D scrolling shooter game with a sci-fi theme. As fighter pilot Fox McCloud, you are tasked with saving the Lylat star system from the tyranny of the evil Emperor Andross. Alongside...|Nintendo of Europe GmbH|Nintendo Wii U
Nintendo Wii U|Star Fox Guard|7|22/04/2016|N|N|N|N|N|N|Y|N||Nintendo of Europe GmbH|Nintendo Wii U
Nintendo Wii U|Mighty No. 9|12|19/04/2016|N|N|N|N|N|N|Y|N|You play as a human looking android called Beck, the ninth of a series of combat robots called Mighty Numbers. A computer virus has attacked your fellow unit and other machines across the globe. Beck must...|Koch Media GmbH (Austria)|Nintendo Wii U
Nintendo Wii U|PixelJunk Monsters|3|14/04/2016|N|N|N|N|N|N|N|N||Double Eleven Limited|Nintendo Wii U
Nintendo Wii U|Drill Dozer|7|07/01/2016|N|N|N|N|N|N|Y|N||Nintendo of Europe GmbH|Nintendo Wii U
Nintendo Wii U|Momonga Pinball Adventures|7|31/12/2015|N|N|N|N|N|N|Y|N||Paladin Studios B.V.|Nintendo Wii U
Nintendo Wii U|Super Mario 64 DS|12|24/12/2015|N|N|N|N|Y|N|N|N|Cheerful platformer game. Playing as Yoshi, Mario, Luigi or Wario, you must travel through many fantastical levels to rescue Princess Peach from Bowser.|Nintendo of Europe GmbH|Nintendo Wii U
Nintendo Wii U|Bird Mania Party|3|24/12/2015|N|N|N|N|N|N|N|N|An endless runner type game in which you control a bird and need to collect as much stars as possible.|Teyon|Nintendo Wii U
Nintendo Wii U|Chronicles of Teddy: Harmony of Exidus|7|19/12/2015|N|N|N|N|N|N|Y|N||Aksys Games|Nintendo Wii U
Nintendo Wii U|Disney Infinity 3.0 Star Wars: The Force Awakens Play Set|7|18/12/2015|N|N|N|N|N|N|Y|N|This is a Star Wars themed expansion for the action-adventure game Disney Infinity 3.0. This new iteration draws inspiration from Star Wars: The Force Awakens. Players need a physical toy and portal in...|The Walt Disney Company Ltd|Nintendo Wii U
Nintendo Wii U|Onimusha Tactics|7|17/12/2015|N|N|N|N|N|N|Y|N||Nintendo of Europe GmbH|Nintendo Wii U
Nintendo Wii U|New Super Mario Bros.|12|17/12/2015|N|N|N|N|Y|N|N|N|Side-scrolling platform game. Mario travels through eight worlds in pursuit of Bowser Jr who has kidnapped Princess Peach.|Nintendo of Europe GmbH|Nintendo Wii U
Nintendo Wii U|Human Resource Machine|3|16/12/2015|N|N|N|N|N|N|N|N||Experimental Gameplay Group, LLC (DBA: Tomorrow Corporation, LLC)|Nintendo Wii U
Nintendo Wii U|Fire|7|15/12/2015|N|N|N|N|N|N|Y|N||Daedalic Entertainment GmbH|Nintendo Wii U
Nintendo Wii U|Drill Dozer|7|07/01/2016|N|N|N|N|N|N|Y|N||Nintendo of Europe GmbH|Nintendo Wii U
Nintendo Wii U|Momonga Pinball Adventures|7|31/12/2015|N|N|N|N|N|N|Y|N||Paladin Studios B.V.|Nintendo Wii U
Nintendo Wii U|Super Mario 64 DS|12|24/12/2015|N|N|N|N|Y|N|N|N|Cheerful platformer game. Playing as Yoshi, Mario, Luigi or Wario, you must travel through many fantastical levels to rescue Princess Peach from Bowser.|Nintendo of Europe GmbH|Nintendo Wii U
Nintendo Wii U|Bird Mania Party|3|24/12/2015|N|N|N|N|N|N|N|N|An endless runner type game in which you control a bird and need to collect as much stars as possible.|Teyon|Nintendo Wii U
Nintendo Wii U|Chronicles of Teddy: Harmony of Exidus|7|19/12/2015|N|N|N|N|N|N|Y|N||Aksys Games|Nintendo Wii U
Nintendo Wii U|Disney Infinity 3.0 Star Wars: The Force Awakens Play Set|7|18/12/2015|N|N|N|N|N|N|Y|N|This is a Star Wars themed expansion for the action-adventure game Disney Infinity 3.0. This new iteration draws inspiration from Star Wars: The Force Awakens. Players need a physical toy and portal in...|The Walt Disney Company Ltd|Nintendo Wii U
Nintendo Wii U|Onimusha Tactics|7|17/12/2015|N|N|N|N|N|N|Y|N||Nintendo of Europe GmbH|Nintendo Wii U
Nintendo Wii U|New Super Mario Bros.|12|17/12/2015|N|N|N|N|Y|N|N|N|Side-scrolling platform game. Mario travels through eight worlds in pursuit of Bowser Jr who has kidnapped Princess Peach.|Nintendo of Europe GmbH|Nintendo Wii U
Nintendo Wii U|Human Resource Machine|3|16/12/2015|N|N|N|N|N|N|N|N||Experimental Gameplay Group, LLC (DBA: Tomorrow Corporation, LLC)|Nintendo Wii U
Nintendo Wii U|Fire|7|15/12/2015|N|N|N|N|N|N|Y|N||Daedalic Entertainment GmbH|Nintendo Wii U
Nintendo Wii U|Drill Dozer|7|07/01/2016|N|N|N|N|N|N|Y|N||Nintendo of Europe GmbH|Nintendo Wii U
Nintendo Wii U|Momonga Pinball Adventures|7|31/12/2015|N|N|N|N|N|N|Y|N||Paladin Studios B.V.|Nintendo Wii U
Nintendo Wii U|Super Mario 64 DS|12|24/12/2015|N|N|N|N|Y|N|N|N|Cheerful platformer game. Playing as Yoshi, Mario, Luigi or Wario, you must travel through many fantastical levels to rescue Princess Peach from Bowser.|Nintendo of Europe GmbH|Nintendo Wii U
Nintendo Wii U|Bird Mania Party|3|24/12/2015|N|N|N|N|N|N|N|N|An endless runner type game in which you control a bird and need to collect as much stars as possible.|Teyon|Nintendo Wii U
Nintendo Wii U|Chronicles of Teddy: Harmony of Exidus|7|19/12/2015|N|N|N|N|N|N|Y|N||Aksys Games|Nintendo Wii U
Nintendo Wii U|Disney Infinity 3.0 Star Wars: The Force Awakens Play Set|7|18/12/2015|N|N|N|N|N|N|Y|N|This is a Star Wars themed expansion for the action-adventure game Disney Infinity 3.0. This new iteration draws inspiration from Star Wars: The Force Awakens. Players need a physical toy and portal in...|The Walt Disney Company Ltd|Nintendo Wii U
Nintendo Wii U|Onimusha Tactics|7|17/12/2015|N|N|N|N|N|N|Y|N||Nintendo of Europe GmbH|Nintendo Wii U
Nintendo Wii U|New Super Mario Bros.|12|17/12/2015|N|N|N|N|Y|N|N|N|Side-scrolling platform game. Mario travels through eight worlds in pursuit of Bowser Jr who has kidnapped Princess Peach.|Nintendo of Europe GmbH|Nintendo Wii U
Nintendo Wii U|Human Resource Machine|3|16/12/2015|N|N|N|N|N|N|N|N||Experimental Gameplay Group, LLC (DBA: Tomorrow Corporation, LLC)|Nintendo Wii U
Nintendo Wii U|Fire|7|15/12/2015|N|N|N|N|N|N|Y|N||Daedalic Entertainment GmbH|Nintendo Wii U
Nintendo Wii U|Drill Dozer|7|07/01/2016|N|N|N|N|N|N|Y|N||Nintendo of Europe GmbH|Nintendo Wii U
Nintendo Wii U|Momonga Pinball Adventures|7|31/12/2015|N|N|N|N|N|N|Y|N||Paladin Studios B.V.|Nintendo Wii U
Nintendo Wii U|Super Mario 64 DS|12|24/12/2015|N|N|N|N|Y|N|N|N|Cheerful platformer game. Playing as Yoshi, Mario, Luigi or Wario, you must travel through many fantastical levels to rescue Princess Peach from Bowser.|Nintendo of Europe GmbH|Nintendo Wii U
Nintendo Wii U|Bird Mania Party|3|24/12/2015|N|N|N|N|N|N|N|N|An endless runner type game in which you control a bird and need to collect as much stars as possible.|Teyon|Nintendo Wii U
Nintendo Wii U|Chronicles of Teddy: Harmony of Exidus|7|19/12/2015|N|N|N|N|N|N|Y|N||Aksys Games|Nintendo Wii U
Nintendo Wii U|Disney Infinity 3.0 Star Wars: The Force Awakens Play Set|7|18/12/2015|N|N|N|N|N|N|Y|N|This is a Star Wars themed expansion for the action-adventure game Disney Infinity 3.0. This new iteration draws inspiration from Star Wars: The Force Awakens. Players need a physical toy and portal in...|The Walt Disney Company Ltd|Nintendo Wii U
Nintendo Wii U|Onimusha Tactics|7|17/12/2015|N|N|N|N|N|N|Y|N||Nintendo of Europe GmbH|Nintendo Wii U
Nintendo Wii U|New Super Mario Bros.|12|17/12/2015|N|N|N|N|Y|N|N|N|Side-scrolling platform game. Mario travels through eight worlds in pursuit of Bowser Jr who has kidnapped Princess Peach.|Nintendo of Europe GmbH|Nintendo Wii U
Nintendo Wii U|Human Resource Machine|3|16/12/2015|N|N|N|N|N|N|N|N||Experimental Gameplay Group, LLC (DBA: Tomorrow Corporation, LLC)|Nintendo Wii U
Nintendo Wii U|Fire|7|15/12/2015|N|N|N|N|N|N|Y|N||Daedalic Entertainment GmbH|Nintendo Wii U
Nintendo Wii U|Just Dance Disney Party 2|3|22/10/2015|N|N|N|N|N|N|N|N||Ubisoft EMEA|Nintendo Wii U
Nintendo Wii U|Bike Rider UltraDX - WORLD TOUR|3|21/10/2015|N|N|N|N|N|N|N|N||Spicysoft|Nintendo Wii U
Nintendo Wii U|Job the Leprechaun|7|20/10/2015|N|N|N|N|N|N|Y|N||Alvaro Herrero|Nintendo Wii U
Nintendo Wii U|Shovel Knight|7|16/10/2015|N|N|N|N|N|N|Y|N||Yacht Club Games, L.L.C|Nintendo Wii U
Nintendo Wii U|KONAMI KRAZY RACERS|3|15/10/2015|N|N|N|N|N|N|N|N||Nintendo of Europe GmbH|Nintendo Wii U
Nintendo Wii U|Dragon Skills|3|15/10/2015|N|N|N|N|N|N|N|N||StarGush Entertainment|Nintendo Wii U
Nintendo Wii U|Rodea The Sky Soldier|7|13/10/2015|N|N|N|N|N|N|Y|N||NIS America, Inc|Nintendo Wii U
Nintendo Wii U|Dig Dug 2|3|08/10/2015|N|N|N|N|N|N|N|N||Nintendo of Europe GmbH|Nintendo Wii U
Nintendo Wii U|Pocky &amp; Rocky with Becky|7|08/10/2015|N|N|N|N|N|N|Y|N||Nintendo of Europe GmbH|Nintendo Wii U
Nintendo Wii U|Pac-Man 2: The New Adventures|7|08/10/2015|N|N|N|N|N|N|Y|N||Nintendo of Europe GmbH|Nintendo Wii U
Nintendo Wii U|Just Dance Disney Party 2|3|22/10/2015|N|N|N|N|N|N|N|N||Ubisoft EMEA|Nintendo Wii U
Nintendo Wii U|Bike Rider UltraDX - WORLD TOUR|3|21/10/2015|N|N|N|N|N|N|N|N||Spicysoft|Nintendo Wii U
Nintendo Wii U|Job the Leprechaun|7|20/10/2015|N|N|N|N|N|N|Y|N||Alvaro Herrero|Nintendo Wii U
Nintendo Wii U|Shovel Knight|7|16/10/2015|N|N|N|N|N|N|Y|N||Yacht Club Games, L.L.C|Nintendo Wii U
Nintendo Wii U|KONAMI KRAZY RACERS|3|15/10/2015|N|N|N|N|N|N|N|N||Nintendo of Europe GmbH|Nintendo Wii U
Nintendo Wii U|Dragon Skills|3|15/10/2015|N|N|N|N|N|N|N|N||StarGush Entertainment|Nintendo Wii U
Nintendo Wii U|Rodea The Sky Soldier|7|13/10/2015|N|N|N|N|N|N|Y|N||NIS America, Inc|Nintendo Wii U
Nintendo Wii U|Dig Dug 2|3|08/10/2015|N|N|N|N|N|N|N|N||Nintendo of Europe GmbH|Nintendo Wii U
Nintendo Wii U|Pocky &amp; Rocky with Becky|7|08/10/2015|N|N|N|N|N|N|Y|N||Nintendo of Europe GmbH|Nintendo Wii U
Nintendo Wii U|Pac-Man 2: The New Adventures|7|08/10/2015|N|N|N|N|N|N|Y|N||Nintendo of Europe GmbH|Nintendo Wii U
Nintendo Wii U|Just Dance Disney Party 2|3|22/10/2015|N|N|N|N|N|N|N|N||Ubisoft EMEA|Nintendo Wii U
Nintendo Wii U|Bike Rider UltraDX - WORLD TOUR|3|21/10/2015|N|N|N|N|N|N|N|N||Spicysoft|Nintendo Wii U
Nintendo Wii U|Job the Leprechaun|7|20/10/2015|N|N|N|N|N|N|Y|N||Alvaro Herrero|Nintendo Wii U
Nintendo Wii U|Shovel Knight|7|16/10/2015|N|N|N|N|N|N|Y|N||Yacht Club Games, L.L.C|Nintendo Wii U
Nintendo Wii U|KONAMI KRAZY RACERS|3|15/10/2015|N|N|N|N|N|N|N|N||Nintendo of Europe GmbH|Nintendo Wii U
Nintendo Wii U|Dragon Skills|3|15/10/2015|N|N|N|N|N|N|N|N||StarGush Entertainment|Nintendo Wii U
Nintendo Wii U|Rodea The Sky Soldier|7|13/10/2015|N|N|N|N|N|N|Y|N||NIS America, Inc|Nintendo Wii U
Nintendo Wii U|Dig Dug 2|3|08/10/2015|N|N|N|N|N|N|N|N||Nintendo of Europe GmbH|Nintendo Wii U
Nintendo Wii U|Pocky &amp; Rocky with Becky|7|08/10/2015|N|N|N|N|N|N|Y|N||Nintendo of Europe GmbH|Nintendo Wii U
Nintendo Wii U|Pac-Man 2: The New Adventures|7|08/10/2015|N|N|N|N|N|N|Y|N||Nintendo of Europe GmbH|Nintendo Wii U
Nintendo Wii U|Island Flight Simulator|3|24/09/2015|N|N|N|N|N|N|N|N||Joindots GmbH|Nintendo Wii U
Nintendo Wii U|The Quiet Collection|3|18/09/2015|N|N|N|N|N|N|N|N||Nostatic Software, LLC|Nintendo Wii U
Nintendo Wii U|Tecmo Bowl|3|17/09/2015|N|N|N|N|N|N|N|N||Nintendo of Europe GmbH|Nintendo Wii U
Nintendo Wii U|Pumped BMX +|3|17/09/2015|N|N|N|N|N|N|N|N||Curve Digital|Nintendo Wii U
Nintendo Wii U|Typoman|7|16/09/2015|N|N|N|Y|N|N|Y|N||Brainseed Factory|Nintendo Wii U
Nintendo Wii U|Level 22|12|15/09/2015|Y|N|N|N|N|N|N|N|Pixelated top down puzzle game. You play as Gary, who wakes up late for work on the day after his birthday. Sure to be fired, Gary tries to sneak into the office unnoticed, navigating through the multi-level...|MOVING PLAYER|Nintendo Wii U
Nintendo Wii U|Rakoo &amp; Friends|3|15/09/2015|N|N|N|N|N|N|N|N||MOVING PLAYER|Nintendo Wii U
Nintendo Wii U|Super Mario Maker|3|11/09/2015|N|N|N|N|N|N|N|N||Nintendo of Europe GmbH|Nintendo Wii U
Nintendo Wii U|Star Sky|3|10/09/2015|N|N|N|N|N|N|N|N||JMJ Interactive|Nintendo Wii U
Nintendo Wii U|PONCHO|3|10/09/2015|N|N|N|N|N|N|N|N||Rising Star Games Ltd|Nintendo Wii U
Nintendo Wii U|Island Flight Simulator|3|24/09/2015|N|N|N|N|N|N|N|N||Joindots GmbH|Nintendo Wii U
Nintendo Wii U|The Quiet Collection|3|18/09/2015|N|N|N|N|N|N|N|N||Nostatic Software, LLC|Nintendo Wii U
Nintendo Wii U|Tecmo Bowl|3|17/09/2015|N|N|N|N|N|N|N|N||Nintendo of Europe GmbH|Nintendo Wii U
Nintendo Wii U|Pumped BMX +|3|17/09/2015|N|N|N|N|N|N|N|N||Curve Digital|Nintendo Wii U
Nintendo Wii U|Typoman|7|16/09/2015|N|N|N|Y|N|N|Y|N||Brainseed Factory|Nintendo Wii U
Nintendo Wii U|Level 22|12|15/09/2015|Y|N|N|N|N|N|N|N|Pixelated top down puzzle game. You play as Gary, who wakes up late for work on the day after his birthday. Sure to be fired, Gary tries to sneak into the office unnoticed, navigating through the multi-level...|MOVING PLAYER|Nintendo Wii U
Nintendo Wii U|Rakoo &amp; Friends|3|15/09/2015|N|N|N|N|N|N|N|N||MOVING PLAYER|Nintendo Wii U
Nintendo Wii U|Super Mario Maker|3|11/09/2015|N|N|N|N|N|N|N|N||Nintendo of Europe GmbH|Nintendo Wii U
Nintendo Wii U|Star Sky|3|10/09/2015|N|N|N|N|N|N|N|N||JMJ Interactive|Nintendo Wii U
Nintendo Wii U|PONCHO|3|10/09/2015|N|N|N|N|N|N|N|N||Rising Star Games Ltd|Nintendo Wii U
Nintendo Wii U|Island Flight Simulator|3|24/09/2015|N|N|N|N|N|N|N|N||Joindots GmbH|Nintendo Wii U
Nintendo Wii U|The Quiet Collection|3|18/09/2015|N|N|N|N|N|N|N|N||Nostatic Software, LLC|Nintendo Wii U
Nintendo Wii U|Tecmo Bowl|3|17/09/2015|N|N|N|N|N|N|N|N||Nintendo of Europe GmbH|Nintendo Wii U
Nintendo Wii U|Pumped BMX +|3|17/09/2015|N|N|N|N|N|N|N|N||Curve Digital|Nintendo Wii U
Nintendo Wii U|Typoman|7|16/09/2015|N|N|N|Y|N|N|Y|N||Brainseed Factory|Nintendo Wii U
Nintendo Wii U|Level 22|12|15/09/2015|Y|N|N|N|N|N|N|N|Pixelated top down puzzle game. You play as Gary, who wakes up late for work on the day after his birthday. Sure to be fired, Gary tries to sneak into the office unnoticed, navigating through the multi-level...|MOVING PLAYER|Nintendo Wii U
Nintendo Wii U|Rakoo &amp; Friends|3|15/09/2015|N|N|N|N|N|N|N|N||MOVING PLAYER|Nintendo Wii U
Nintendo Wii U|Super Mario Maker|3|11/09/2015|N|N|N|N|N|N|N|N||Nintendo of Europe GmbH|Nintendo Wii U
Nintendo Wii U|Star Sky|3|10/09/2015|N|N|N|N|N|N|N|N||JMJ Interactive|Nintendo Wii U
Nintendo Wii U|PONCHO|3|10/09/2015|N|N|N|N|N|N|N|N||Rising Star Games Ltd|Nintendo Wii U
Nintendo Wii U|The Rivers of Alice : Extended version|3|23/07/2015|N|N|N|N|N|N|N|N||Delirium Studios Evolution S.L.|Nintendo Wii U
Nintendo Wii U|Rock 'N Racing Off Road DX|3|20/07/2015|N|N|N|N|N|N|N|N||Enjoyup Games, S.L.|Nintendo Wii U
Nintendo Wii U|Mario &amp; Luigi: Partners in Time|3|16/07/2015|N|N|N|N|N|N|N|N||Nintendo of Europe GmbH|Nintendo Wii U
Nintendo Wii U|Final Fight One|12|16/07/2015|N|N|N|N|N|N|Y|N|Side scrolling 2D Beat 'em Up|Nintendo of Europe GmbH|Nintendo Wii U
Nintendo Wii U|SUPER STREET FIGHTER 2 TURBO REVIVAL|12|16/07/2015|N|N|N|N|N|N|Y|N|Side scrolling beat 'em up.|Nintendo of Europe GmbH|Nintendo Wii U
Nintendo Wii U|The Bridge|3|15/07/2015|N|N|N|N|N|N|N|N||The Quantum Astrophysicists Guild, Incorporated|Nintendo Wii U
Nintendo Wii U|Wicked Monsters Blast! HD plus|7|14/07/2015|N|N|N|N|N|N|Y|N||Corecell Technology Co, Ltd|Nintendo Wii U
Nintendo Wii U|MEGA MAN BATTLE NETWORK 4 RED SUN|7|09/07/2015|N|N|N|N|N|N|Y|N||Nintendo of Europe GmbH|Nintendo Wii U
Nintendo Wii U|MEGA MAN BATTLE NETWORK 4 BLUE MOON|7|09/07/2015|N|N|N|N|N|N|Y|N||Nintendo of Europe GmbH|Nintendo Wii U
Nintendo Wii U|Octodad: Dadliest Catch|7|30/06/2015|N|N|N|N|N|N|Y|N||Young Horses, Inc.|Nintendo Wii U
Nintendo Wii U|The Rivers of Alice : Extended version|3|23/07/2015|N|N|N|N|N|N|N|N||Delirium Studios Evolution S.L.|Nintendo Wii U
Nintendo Wii U|Rock 'N Racing Off Road DX|3|20/07/2015|N|N|N|N|N|N|N|N||Enjoyup Games, S.L.|Nintendo Wii U
Nintendo Wii U|Mario &amp; Luigi: Partners in Time|3|16/07/2015|N|N|N|N|N|N|N|N||Nintendo of Europe GmbH|Nintendo Wii U
Nintendo Wii U|Final Fight One|12|16/07/2015|N|N|N|N|N|N|Y|N|Side scrolling 2D Beat 'em Up|Nintendo of Europe GmbH|Nintendo Wii U
Nintendo Wii U|SUPER STREET FIGHTER 2 TURBO REVIVAL|12|16/07/2015|N|N|N|N|N|N|Y|N|Side scrolling beat 'em up.|Nintendo of Europe GmbH|Nintendo Wii U
Nintendo Wii U|The Bridge|3|15/07/2015|N|N|N|N|N|N|N|N||The Quantum Astrophysicists Guild, Incorporated|Nintendo Wii U
Nintendo Wii U|Wicked Monsters Blast! HD plus|7|14/07/2015|N|N|N|N|N|N|Y|N||Corecell Technology Co, Ltd|Nintendo Wii U
Nintendo Wii U|MEGA MAN BATTLE NETWORK 4 RED SUN|7|09/07/2015|N|N|N|N|N|N|Y|N||Nintendo of Europe GmbH|Nintendo Wii U
Nintendo Wii U|MEGA MAN BATTLE NETWORK 4 BLUE MOON|7|09/07/2015|N|N|N|N|N|N|Y|N||Nintendo of Europe GmbH|Nintendo Wii U
Nintendo Wii U|Octodad: Dadliest Catch|7|30/06/2015|N|N|N|N|N|N|Y|N||Young Horses, Inc.|Nintendo Wii U
Nintendo Wii U|The Rivers of Alice : Extended version|3|23/07/2015|N|N|N|N|N|N|N|N||Delirium Studios Evolution S.L.|Nintendo Wii U
Nintendo Wii U|Rock 'N Racing Off Road DX|3|20/07/2015|N|N|N|N|N|N|N|N||Enjoyup Games, S.L.|Nintendo Wii U
Nintendo Wii U|Mario &amp; Luigi: Partners in Time|3|16/07/2015|N|N|N|N|N|N|N|N||Nintendo of Europe GmbH|Nintendo Wii U
Nintendo Wii U|Final Fight One|12|16/07/2015|N|N|N|N|N|N|Y|N|Side scrolling 2D Beat 'em Up|Nintendo of Europe GmbH|Nintendo Wii U
Nintendo Wii U|SUPER STREET FIGHTER 2 TURBO REVIVAL|12|16/07/2015|N|N|N|N|N|N|Y|N|Side scrolling beat 'em up.|Nintendo of Europe GmbH|Nintendo Wii U
Nintendo Wii U|The Bridge|3|15/07/2015|N|N|N|N|N|N|N|N||The Quantum Astrophysicists Guild, Incorporated|Nintendo Wii U
Nintendo Wii U|Wicked Monsters Blast! HD plus|7|14/07/2015|N|N|N|N|N|N|Y|N||Corecell Technology Co, Ltd|Nintendo Wii U
Nintendo Wii U|MEGA MAN BATTLE NETWORK 4 RED SUN|7|09/07/2015|N|N|N|N|N|N|Y|N||Nintendo of Europe GmbH|Nintendo Wii U
Nintendo Wii U|MEGA MAN BATTLE NETWORK 4 BLUE MOON|7|09/07/2015|N|N|N|N|N|N|Y|N||Nintendo of Europe GmbH|Nintendo Wii U
Nintendo Wii U|Octodad: Dadliest Catch|7|30/06/2015|N|N|N|N|N|N|Y|N||Young Horses, Inc.|Nintendo Wii U
Nintendo Wii U|MEGA MAN ZERO 4|12|14/05/2015|N|N|N|N|N|N|Y|N|After falling under the evil rule of Dr. Weil, Neo Arcadia has collapsed into a state of chaos and confusion. It's up to Zero to resolve this conflict between humans and Reploids to restore peace and security...|Nintendo of Europe GmbH|Nintendo Wii U
Nintendo Wii U|Kirby and the Rainbow PaintBrush|3|08/05/2015|N|N|N|N|N|N|N|N||Nintendo of Europe GmbH|Nintendo Wii U
Nintendo Wii U|Yoshi's Island DS|3|07/05/2015|N|N|N|N|N|N|N|N||Nintendo of Europe GmbH|Nintendo Wii U
Nintendo Wii U|Blocky Bot|3|07/05/2015|N|N|N|N|N|N|N|N||Mobot Studios, Inc.|Nintendo Wii U
Nintendo Wii U|Sanatory Hallways|7|07/05/2015|N|N|N|Y|N|N|N|N||Maximilian Abstreiter|Nintendo Wii U
Nintendo Wii U|Funk of Titans|12|04/05/2015|N|N|N|N|N|N|Y|N|With a musical twist on Greek mythology, this platformer sees Perseus, son of the God of Funk, travel through fast-paced levels to challenge the Gods of Pop, Rap and Rock to a series of dance-offs.|Enjoyup Games, S.L.|Nintendo Wii U
Nintendo Wii U|amiibo Touch &amp; Play: Nintendo Classic Highlights|7|30/04/2015|N|N|N|N|N|N|Y|N||Nintendo of Europe GmbH|Nintendo Wii U
Nintendo Wii U|Life of Pixel|3|15/04/2015|N|N|N|N|N|N|N|N||Super Icon Limited|Nintendo Wii U
Nintendo Wii U|Hello Kitty Kruisers|3|10/04/2015|N|N|N|N|N|N|N|N||Bergsala Lightweight AB|Nintendo Wii U
Nintendo Wii U|Wario Ware Touched!|3|02/04/2015|N|N|N|N|N|N|N|N||Nintendo of Europe GmbH|Nintendo Wii U
Nintendo Wii U|MEGA MAN ZERO 4|12|14/05/2015|N|N|N|N|N|N|Y|N|After falling under the evil rule of Dr. Weil, Neo Arcadia has collapsed into a state of chaos and confusion. It's up to Zero to resolve this conflict between humans and Reploids to restore peace and security...|Nintendo of Europe GmbH|Nintendo Wii U
Nintendo Wii U|Kirby and the Rainbow PaintBrush|3|08/05/2015|N|N|N|N|N|N|N|N||Nintendo of Europe GmbH|Nintendo Wii U
Nintendo Wii U|Yoshi's Island DS|3|07/05/2015|N|N|N|N|N|N|N|N||Nintendo of Europe GmbH|Nintendo Wii U
Nintendo Wii U|Blocky Bot|3|07/05/2015|N|N|N|N|N|N|N|N||Mobot Studios, Inc.|Nintendo Wii U
Nintendo Wii U|Sanatory Hallways|7|07/05/2015|N|N|N|Y|N|N|N|N||Maximilian Abstreiter|Nintendo Wii U
Nintendo Wii U|Funk of Titans|12|04/05/2015|N|N|N|N|N|N|Y|N|With a musical twist on Greek mythology, this platformer sees Perseus, son of the God of Funk, travel through fast-paced levels to challenge the Gods of Pop, Rap and Rock to a series of dance-offs.|Enjoyup Games, S.L.|Nintendo Wii U
Nintendo Wii U|amiibo Touch &amp; Play: Nintendo Classic Highlights|7|30/04/2015|N|N|N|N|N|N|Y|N||Nintendo of Europe GmbH|Nintendo Wii U
Nintendo Wii U|Life of Pixel|3|15/04/2015|N|N|N|N|N|N|N|N||Super Icon Limited|Nintendo Wii U
Nintendo Wii U|Hello Kitty Kruisers|3|10/04/2015|N|N|N|N|N|N|N|N||Bergsala Lightweight AB|Nintendo Wii U
Nintendo Wii U|Wario Ware Touched!|3|02/04/2015|N|N|N|N|N|N|N|N||Nintendo of Europe GmbH|Nintendo Wii U
Nintendo Wii U|TABLETOP GALLERY|12|19/03/2015|N|N|N|N|Y|N|N|N|A collection of three table top games: âPoker Dice Solitaire Futureâ, âShut the Boxâ and âToss and Goâ.|RCMADIAX|Nintendo Wii U
Nintendo Wii U|ShÃ¼tshimi|7|16/03/2015|N|N|N|N|N|N|Y|N||Choice Provisions|Nintendo Wii U
Nintendo Wii U|Elliot Quest|7|13/03/2015|N|N|N|N|N|N|Y|N||PlayEveryWare|Nintendo Wii U
Nintendo Wii U|The Fall|12|12/03/2015|Y|N|N|N|N|N|Y|N|Take on the role of ARID, the artificial intelligence onboard a high-tech combat suit. ARID's program activates after crashing on an unknown planet. The human pilot within the combat suit is unconscious,...|Nintendo of Europe GmbH|Nintendo Wii U
Nintendo Wii U|Affordable Space Adventures|7|12/03/2015|N|N|N|Y|N|N|Y|N||KnapNok Games ApS|Nintendo Wii U
Nintendo Wii U|FullBlast|12|09/03/2015|Y|N|N|N|N|N|N|N||Enjoyup Games, S.L.|Nintendo Wii U
Nintendo Wii U|Kung-Fu Heroes|7|05/03/2015|N|N|N|N|N|N|Y|N||Nintendo of Europe GmbH|Nintendo Wii U
Nintendo Wii U|Flying Dragon: The Secret Scroll|7|05/03/2015|N|N|N|N|N|N|Y|N||Nintendo of Europe GmbH|Nintendo Wii U
Nintendo Wii U|Suspension Railroad Simulator|3|05/03/2015|N|N|N|N|N|N|N|N||Joindots GmbH|Nintendo Wii U
Nintendo Wii U|Dinox|7|02/03/2015|N|N|N|Y|N|N|N|N||Engine Software|Nintendo Wii U
Nintendo Wii U|TABLETOP GALLERY|12|19/03/2015|N|N|N|N|Y|N|N|N|A collection of three table top games: âPoker Dice Solitaire Futureâ, âShut the Boxâ and âToss and Goâ.|RCMADIAX|Nintendo Wii U
Nintendo Wii U|ShÃ¼tshimi|7|16/03/2015|N|N|N|N|N|N|Y|N||Choice Provisions|Nintendo Wii U
Nintendo Wii U|Elliot Quest|7|13/03/2015|N|N|N|N|N|N|Y|N||PlayEveryWare|Nintendo Wii U
Nintendo Wii U|The Fall|12|12/03/2015|Y|N|N|N|N|N|Y|N|Take on the role of ARID, the artificial intelligence onboard a high-tech combat suit. ARID's program activates after crashing on an unknown planet. The human pilot within the combat suit is unconscious,...|Nintendo of Europe GmbH|Nintendo Wii U
Nintendo Wii U|Affordable Space Adventures|7|12/03/2015|N|N|N|Y|N|N|Y|N||KnapNok Games ApS|Nintendo Wii U
Nintendo Wii U|FullBlast|12|09/03/2015|Y|N|N|N|N|N|N|N||Enjoyup Games, S.L.|Nintendo Wii U
Nintendo Wii U|Kung-Fu Heroes|7|05/03/2015|N|N|N|N|N|N|Y|N||Nintendo of Europe GmbH|Nintendo Wii U
Nintendo Wii U|Flying Dragon: The Secret Scroll|7|05/03/2015|N|N|N|N|N|N|Y|N||Nintendo of Europe GmbH|Nintendo Wii U
Nintendo Wii U|Suspension Railroad Simulator|3|05/03/2015|N|N|N|N|N|N|N|N||Joindots GmbH|Nintendo Wii U
Nintendo Wii U|Dinox|7|02/03/2015|N|N|N|Y|N|N|N|N||Engine Software|Nintendo Wii U
Nintendo Wii U|TABLETOP GALLERY|12|19/03/2015|N|N|N|N|Y|N|N|N|A collection of three table top games: âPoker Dice Solitaire Futureâ, âShut the Boxâ and âToss and Goâ.|RCMADIAX|Nintendo Wii U
Nintendo Wii U|ShÃ¼tshimi|7|16/03/2015|N|N|N|N|N|N|Y|N||Choice Provisions|Nintendo Wii U
Nintendo Wii U|Elliot Quest|7|13/03/2015|N|N|N|N|N|N|Y|N||PlayEveryWare|Nintendo Wii U
Nintendo Wii U|The Fall|12|12/03/2015|Y|N|N|N|N|N|Y|N|Take on the role of ARID, the artificial intelligence onboard a high-tech combat suit. ARID's program activates after crashing on an unknown planet. The human pilot within the combat suit is unconscious,...|Nintendo of Europe GmbH|Nintendo Wii U
Nintendo Wii U|Affordable Space Adventures|7|12/03/2015|N|N|N|Y|N|N|Y|N||KnapNok Games ApS|Nintendo Wii U
Nintendo Wii U|FullBlast|12|09/03/2015|Y|N|N|N|N|N|N|N||Enjoyup Games, S.L.|Nintendo Wii U
Nintendo Wii U|Kung-Fu Heroes|7|05/03/2015|N|N|N|N|N|N|Y|N||Nintendo of Europe GmbH|Nintendo Wii U
Nintendo Wii U|Flying Dragon: The Secret Scroll|7|05/03/2015|N|N|N|N|N|N|Y|N||Nintendo of Europe GmbH|Nintendo Wii U
Nintendo Wii U|Suspension Railroad Simulator|3|05/03/2015|N|N|N|N|N|N|N|N||Joindots GmbH|Nintendo Wii U
Nintendo Wii U|Dinox|7|02/03/2015|N|N|N|Y|N|N|N|N||Engine Software|Nintendo Wii U
Nintendo Wii U|Mega Man Zero|12|25/12/2014|N|N|N|N|N|N|Y|N|2D arcade style platform based shooter. Zero is awakened to help the Reploids who are being pursued by the government body, called Neo Arcadia|Nintendo of Europe GmbH|Nintendo Wii U
Nintendo Wii U|Duck Hunt|3|25/12/2014|N|N|N|N|N|N|N|N||Nintendo of Europe GmbH|Nintendo Wii U
Nintendo Wii U|Trine Enchanted Edition|12|25/12/2014|N|N|N|N|N|N|Y|N|A knight, a thief and a wizard are bound to the mystical Trine and set off on a quest to save the Kingdom from an undead horde.|Frozenbyte, Inc.|Nintendo Wii U
Nintendo Wii U|Cube Creator Island Survivor|7|18/12/2014|N|N|N|Y|N|N|Y|N||Cypronia|Nintendo Wii U
Nintendo Wii U|Guac' a Mole|3|17/12/2014|N|N|N|N|N|N|N|N||Madskull Creations|Nintendo Wii U
Nintendo Wii U|Alphadia Genesis|7|11/12/2014|N|N|N|N|N|N|Y|N||Natsume Inc.|Nintendo Wii U
Nintendo Wii U|Tested with robots !|3|01/12/2014|N|N|N|N|N|N|N|N||Mathieu ROGER Games|Nintendo Wii U
Nintendo Wii U|Super Smash Bros. for Wii U|12|28/11/2014|N|N|N|N|N|N|Y|N|Fighting game in which various Nintendo characters battle against each other.|Nintendo of Europe GmbH|Nintendo Wii U
Nintendo Wii U|BREATH of FIRE|7|27/11/2014|N|N|N|N|N|N|Y|N||Nintendo of Europe GmbH|Nintendo Wii U
Nintendo Wii U|Thomas Was Alone|12|25/11/2014|Y|N|N|N|N|N|N|N|Move rectangles to their corresponding portals in order to move to the next level.|Curve Digital|Nintendo Wii U
Nintendo Wii U|Sonic Boom: Rise of Lyric|7|21/11/2014|N|N|N|Y|N|N|Y|N|In this adventure game, Sonic the Hedgehog and friends team up to defeat their snake-like foe, Lyric. In doing so, they navigate through varied levels, switching between over the shoulder and side-on views,...|SEGA Europe Ltd|Nintendo Wii U
Nintendo Wii U|LEGO Batman 3: Beyond Gotham|7|14/11/2014|N|N|N|Y|N|N|Y|N||Warner Brothers Entertainment UK Ltd|Nintendo Wii U
Nintendo Wii U|Castlevania Dracula X|12|13/11/2014|N|N|N|N|N|N|Y|N|Platform game in which Dracula has risen again, and has kidnapped the girlfriend of Richter Belmont. You must venture inside the castle in order to save your sweetheart, her sister.|Nintendo of Europe GmbH|Nintendo Wii U
Nintendo Wii U|Golden Sun: The Lost Age|12|13/11/2014|N|N|N|N|Y|N|Y|N|In The Lost Age the player and his allies seek to restore the power of alchemy to the world of Weyard. The player uses psynergy to defeat enemies and discover new locations whilst helping out local populations.|Nintendo of Europe GmbH|Nintendo Wii U
Nintendo Wii U|Xavier|3|13/11/2014|N|N|N|N|N|N|N|N||Prison Lab s.r.o.|Nintendo Wii U
Nintendo Wii U|The Penguins of Madagascar|3|12/11/2014|N|N|N|N|N|N|N|N||Little Orbit Europe, LTD.|Nintendo Wii U
Nintendo Wii U|Mega Man X3|7|06/11/2014|N|N|N|N|N|N|Y|N||Nintendo of Europe GmbH|Nintendo Wii U
Nintendo Wii U|Mega Man 7|7|06/11/2014|N|N|N|N|N|N|Y|N||Nintendo of Europe GmbH|Nintendo Wii U
Nintendo Wii U|Shovel Knight|7|05/11/2014|N|N|N|N|N|N|Y|N||Nintendo of Europe GmbH|Nintendo Wii U
Nintendo Wii U|Disney Planes Fire &amp; Rescue|3|04/11/2014|N|N|N|N|N|N|N|N||Little Orbit Europe, LTD.|Nintendo Wii U
Nintendo Wii U|Sonic Boom: Rise of Lyric|7|21/11/2014|N|N|N|Y|N|N|Y|N|In this adventure game, Sonic the Hedgehog and friends team up to defeat their snake-like foe, Lyric. In doing so, they navigate through varied levels, switching between over the shoulder and side-on views,...|SEGA Europe Ltd|Nintendo Wii U
Nintendo Wii U|LEGO Batman 3: Beyond Gotham|7|14/11/2014|N|N|N|Y|N|N|Y|N||Warner Brothers Entertainment UK Ltd|Nintendo Wii U
Nintendo Wii U|Castlevania Dracula X|12|13/11/2014|N|N|N|N|N|N|Y|N|Platform game in which Dracula has risen again, and has kidnapped the girlfriend of Richter Belmont. You must venture inside the castle in order to save your sweetheart, her sister.|Nintendo of Europe GmbH|Nintendo Wii U
Nintendo Wii U|Golden Sun: The Lost Age|12|13/11/2014|N|N|N|N|Y|N|Y|N|In The Lost Age the player and his allies seek to restore the power of alchemy to the world of Weyard. The player uses psynergy to defeat enemies and discover new locations whilst helping out local populations.|Nintendo of Europe GmbH|Nintendo Wii U
Nintendo Wii U|Xavier|3|13/11/2014|N|N|N|N|N|N|N|N||Prison Lab s.r.o.|Nintendo Wii U
Nintendo Wii U|The Penguins of Madagascar|3|12/11/2014|N|N|N|N|N|N|N|N||Little Orbit Europe, LTD.|Nintendo Wii U
Nintendo Wii U|Mega Man X3|7|06/11/2014|N|N|N|N|N|N|Y|N||Nintendo of Europe GmbH|Nintendo Wii U
Nintendo Wii U|Mega Man 7|7|06/11/2014|N|N|N|N|N|N|Y|N||Nintendo of Europe GmbH|Nintendo Wii U
Nintendo Wii U|Shovel Knight|7|05/11/2014|N|N|N|N|N|N|Y|N||Nintendo of Europe GmbH|Nintendo Wii U
Nintendo Wii U|Disney Planes Fire &amp; Rescue|3|04/11/2014|N|N|N|N|N|N|N|N||Little Orbit Europe, LTD.|Nintendo Wii U
Nintendo Wii U|Sonic Boom: Rise of Lyric|7|21/11/2014|N|N|N|Y|N|N|Y|N|In this adventure game, Sonic the Hedgehog and friends team up to defeat their snake-like foe, Lyric. In doing so, they navigate through varied levels, switching between over the shoulder and side-on views,...|SEGA Europe Ltd|Nintendo Wii U
Nintendo Wii U|LEGO Batman 3: Beyond Gotham|7|14/11/2014|N|N|N|Y|N|N|Y|N||Warner Brothers Entertainment UK Ltd|Nintendo Wii U
Nintendo Wii U|Castlevania Dracula X|12|13/11/2014|N|N|N|N|N|N|Y|N|Platform game in which Dracula has risen again, and has kidnapped the girlfriend of Richter Belmont. You must venture inside the castle in order to save your sweetheart, her sister.|Nintendo of Europe GmbH|Nintendo Wii U
Nintendo Wii U|Golden Sun: The Lost Age|12|13/11/2014|N|N|N|N|Y|N|Y|N|In The Lost Age the player and his allies seek to restore the power of alchemy to the world of Weyard. The player uses psynergy to defeat enemies and discover new locations whilst helping out local populations.|Nintendo of Europe GmbH|Nintendo Wii U
Nintendo Wii U|Xavier|3|13/11/2014|N|N|N|N|N|N|N|N||Prison Lab s.r.o.|Nintendo Wii U
Nintendo Wii U|The Penguins of Madagascar|3|12/11/2014|N|N|N|N|N|N|N|N||Little Orbit Europe, LTD.|Nintendo Wii U
Nintendo Wii U|Mega Man X3|7|06/11/2014|N|N|N|N|N|N|Y|N||Nintendo of Europe GmbH|Nintendo Wii U
Nintendo Wii U|Mega Man 7|7|06/11/2014|N|N|N|N|N|N|Y|N||Nintendo of Europe GmbH|Nintendo Wii U
Nintendo Wii U|Shovel Knight|7|05/11/2014|N|N|N|N|N|N|Y|N||Nintendo of Europe GmbH|Nintendo Wii U
Nintendo Wii U|Disney Planes Fire &amp; Rescue|3|04/11/2014|N|N|N|N|N|N|N|N||Little Orbit Europe, LTD.|Nintendo Wii U
Nintendo Wii U|Falling Skies: The Game|16|30/09/2014|N|N|N|N|N|N|Y|N|You will command a squad of rescued survivors who have been recruited into the human resistance, 2nd Mass, with whom you will engage in tactical operations against Earthâs alien invaders, the Espheni.|Little Orbit Europe, LTD.|Nintendo Wii U
Nintendo Wii U|Rock Zombie|16|30/09/2014|N|N|N|N|N|N|Y|N|A trio of witches are playing at a rock concert when the world is overrun by zombies. They must use their magic guitars to hack down the evil undead.|Enjoyup Games, S.L.|Nintendo Wii U
Nintendo Wii U|Spy Chameleon|3|30/09/2014|N|N|N|N|N|N|N|N||Enjoyup Games, S.L.|Nintendo Wii U
Nintendo Wii U|99Moves|3|30/09/2014|N|N|N|N|N|N|N|N||Enjoyup Games, S.L.|Nintendo Wii U
Nintendo Wii U|RockÂ´N Racing Off Road|3|30/09/2014|N|N|N|N|N|N|N|N||Enjoyup Games, S.L.|Nintendo Wii U
Nintendo Wii U|Nobunaga's Ambition|3|25/09/2014|N|N|N|N|N|N|N|N||Nintendo of Europe GmbH|Nintendo Wii U
Nintendo Wii U|Cosmophony|3|25/09/2014|N|N|N|N|N|N|N|N||MOVING PLAYER|Nintendo Wii U
Nintendo Wii U|Hyrule Warriors|12|19/09/2014|N|N|N|N|N|N|Y|N|Play as Princess Zelda, Impa and Midna and Link and protect the Kingdom of Hyrule from the Sorceress Cia.|Nintendo of Europe GmbH|Nintendo Wii U
Nintendo Wii U|Disney Infinity 2.0: Play Without Limits|7|18/09/2014|N|N|N|Y|N|N|Y|N||The Walt Disney Company Ltd|Nintendo Wii U
Nintendo Wii U|Lone Survivor: The Director's Cut|16|18/09/2014|N|N|N|N|N|N|Y|N|2D Survival horror game where you must sneak past and kill zombies.|Curve Digital|Nintendo Wii U
Nintendo Wii U|Falling Skies: The Game|16|30/09/2014|N|N|N|N|N|N|Y|N|You will command a squad of rescued survivors who have been recruited into the human resistance, 2nd Mass, with whom you will engage in tactical operations against Earthâs alien invaders, the Espheni.|Little Orbit Europe, LTD.|Nintendo Wii U
Nintendo Wii U|Rock Zombie|16|30/09/2014|N|N|N|N|N|N|Y|N|A trio of witches are playing at a rock concert when the world is overrun by zombies. They must use their magic guitars to hack down the evil undead.|Enjoyup Games, S.L.|Nintendo Wii U
Nintendo Wii U|Spy Chameleon|3|30/09/2014|N|N|N|N|N|N|N|N||Enjoyup Games, S.L.|Nintendo Wii U
Nintendo Wii U|99Moves|3|30/09/2014|N|N|N|N|N|N|N|N||Enjoyup Games, S.L.|Nintendo Wii U
Nintendo Wii U|RockÂ´N Racing Off Road|3|30/09/2014|N|N|N|N|N|N|N|N||Enjoyup Games, S.L.|Nintendo Wii U
Nintendo Wii U|Nobunaga's Ambition|3|25/09/2014|N|N|N|N|N|N|N|N||Nintendo of Europe GmbH|Nintendo Wii U
Nintendo Wii U|Cosmophony|3|25/09/2014|N|N|N|N|N|N|N|N||MOVING PLAYER|Nintendo Wii U
Nintendo Wii U|Hyrule Warriors|12|19/09/2014|N|N|N|N|N|N|Y|N|Play as Princess Zelda, Impa and Midna and Link and protect the Kingdom of Hyrule from the Sorceress Cia.|Nintendo of Europe GmbH|Nintendo Wii U
Nintendo Wii U|Disney Infinity 2.0: Play Without Limits|7|18/09/2014|N|N|N|Y|N|N|Y|N||The Walt Disney Company Ltd|Nintendo Wii U
Nintendo Wii U|Lone Survivor: The Director's Cut|16|18/09/2014|N|N|N|N|N|N|Y|N|2D Survival horror game where you must sneak past and kill zombies.|Curve Digital|Nintendo Wii U
Nintendo Wii U|Falling Skies: The Game|16|30/09/2014|N|N|N|N|N|N|Y|N|You will command a squad of rescued survivors who have been recruited into the human resistance, 2nd Mass, with whom you will engage in tactical operations against Earthâs alien invaders, the Espheni.|Little Orbit Europe, LTD.|Nintendo Wii U
Nintendo Wii U|Rock Zombie|16|30/09/2014|N|N|N|N|N|N|Y|N|A trio of witches are playing at a rock concert when the world is overrun by zombies. They must use their magic guitars to hack down the evil undead.|Enjoyup Games, S.L.|Nintendo Wii U
Nintendo Wii U|Spy Chameleon|3|30/09/2014|N|N|N|N|N|N|N|N||Enjoyup Games, S.L.|Nintendo Wii U
Nintendo Wii U|99Moves|3|30/09/2014|N|N|N|N|N|N|N|N||Enjoyup Games, S.L.|Nintendo Wii U
Nintendo Wii U|RockÂ´N Racing Off Road|3|30/09/2014|N|N|N|N|N|N|N|N||Enjoyup Games, S.L.|Nintendo Wii U
Nintendo Wii U|Nobunaga's Ambition|3|25/09/2014|N|N|N|N|N|N|N|N||Nintendo of Europe GmbH|Nintendo Wii U
Nintendo Wii U|Cosmophony|3|25/09/2014|N|N|N|N|N|N|N|N||MOVING PLAYER|Nintendo Wii U
Nintendo Wii U|Hyrule Warriors|12|19/09/2014|N|N|N|N|N|N|Y|N|Play as Princess Zelda, Impa and Midna and Link and protect the Kingdom of Hyrule from the Sorceress Cia.|Nintendo of Europe GmbH|Nintendo Wii U
Nintendo Wii U|Disney Infinity 2.0: Play Without Limits|7|18/09/2014|N|N|N|Y|N|N|Y|N||The Walt Disney Company Ltd|Nintendo Wii U
Nintendo Wii U|Lone Survivor: The Director's Cut|16|18/09/2014|N|N|N|N|N|N|Y|N|2D Survival horror game where you must sneak past and kill zombies.|Curve Digital|Nintendo Wii U
Nintendo Wii U|Transformers: Rise of the Dark Spark|12|26/06/2014|N|N|N|N|N|N|Y|N|Continue the civil war between the Autobots and the Decepticons over control over time and the Dark Spark.|Activision Blizzard UK Ltd|Nintendo Wii U
Nintendo Wii U|Bombing Bastards|12|24/06/2014|Y|N|N|N|N|N|N|N|Strategy game where the objective is to trap enemies so your bombs can reach them.|Sanuk Games SARL|Nintendo Wii U
Nintendo Wii U|Pullblox World|3|19/06/2014|N|N|N|N|N|N|N|N||Nintendo of Europe GmbH|Nintendo Wii U
Nintendo Wii U|Another World - 20th Anniversary Edition|12|18/06/2014|N|N|N|N|N|N|Y|N|Escape from a prison camp and evade capture whilst travelling through a series of dangerous environments, battling alien soldiers and wild creatures while solving numerous puzzles in order to survive.|Abrial Da Costa|Nintendo Wii U
Nintendo Wii U|Soccer|3|12/06/2014|N|N|N|N|N|N|N|N||Nintendo of Europe GmbH|Nintendo Wii U
Nintendo Wii U|PAC-MAN COLLECTION|3|12/06/2014|N|N|N|N|N|N|N|N||Nintendo of Europe GmbH|Nintendo Wii U
Nintendo Wii U|PAC-LAND|3|12/06/2014|N|N|N|N|N|N|N|N||Nintendo of Europe GmbH|Nintendo Wii U
Nintendo Wii U|How To Train Your Dragon 2|7|10/06/2014|N|N|N|N|N|N|Y|N||Little Orbit Europe, LTD.|Nintendo Wii U
Nintendo Wii U|Guacamelee! Super Turbo Championship Edition|12|03/06/2014|Y|N|N|N|N|N|Y|N|2D arcade style platformer. You play as a Mexican Luchador fighting evil enemies to rescue the girl.|DrinkBox Studios Inc.|Nintendo Wii U
Nintendo Wii U|Mario Kart 8|3|30/05/2014|N|N|N|N|N|N|N|N||Nintendo of Europe GmbH|Nintendo Wii U
Nintendo Wii U|Transformers: Rise of the Dark Spark|12|26/06/2014|N|N|N|N|N|N|Y|N|Continue the civil war between the Autobots and the Decepticons over control over time and the Dark Spark.|Activision Blizzard UK Ltd|Nintendo Wii U
Nintendo Wii U|Bombing Bastards|12|24/06/2014|Y|N|N|N|N|N|N|N|Strategy game where the objective is to trap enemies so your bombs can reach them.|Sanuk Games SARL|Nintendo Wii U
Nintendo Wii U|Pullblox World|3|19/06/2014|N|N|N|N|N|N|N|N||Nintendo of Europe GmbH|Nintendo Wii U
Nintendo Wii U|Another World - 20th Anniversary Edition|12|18/06/2014|N|N|N|N|N|N|Y|N|Escape from a prison camp and evade capture whilst travelling through a series of dangerous environments, battling alien soldiers and wild creatures while solving numerous puzzles in order to survive.|Abrial Da Costa|Nintendo Wii U
Nintendo Wii U|Soccer|3|12/06/2014|N|N|N|N|N|N|N|N||Nintendo of Europe GmbH|Nintendo Wii U
Nintendo Wii U|PAC-MAN COLLECTION|3|12/06/2014|N|N|N|N|N|N|N|N||Nintendo of Europe GmbH|Nintendo Wii U
Nintendo Wii U|PAC-LAND|3|12/06/2014|N|N|N|N|N|N|N|N||Nintendo of Europe GmbH|Nintendo Wii U
Nintendo Wii U|How To Train Your Dragon 2|7|10/06/2014|N|N|N|N|N|N|Y|N||Little Orbit Europe, LTD.|Nintendo Wii U
Nintendo Wii U|Guacamelee! Super Turbo Championship Edition|12|03/06/2014|Y|N|N|N|N|N|Y|N|2D arcade style platformer. You play as a Mexican Luchador fighting evil enemies to rescue the girl.|DrinkBox Studios Inc.|Nintendo Wii U
Nintendo Wii U|Mario Kart 8|3|30/05/2014|N|N|N|N|N|N|N|N||Nintendo of Europe GmbH|Nintendo Wii U
Nintendo Wii U|Swords &amp; Soldiers|12|01/05/2014|N|N|N|N|N|N|Y|N|Cartoon tribe based strategy where resources have to be carefully martialled in order to defeat the enemy.|Two Tribes Publishing B.V.|Nintendo Wii U
Nintendo Wii U|My Exotic Farm|3|30/04/2014|N|N|N|N|N|N|N|N||BiP Media|Nintendo Wii U
Nintendo Wii U|Pier Solar and the Great Architects|12|30/04/2014|N|N|N|N|N|N|N|N|The story is focused around three best friends â Hoston, Alina and Edessot. Hoston's father falls ill and the three friends are left to seek a very rare magic herb to cure him. However this later develops...|WaterMelon Co|Nintendo Wii U
Nintendo Wii U|Child of Lightâ¢|7|30/04/2014|N|N|N|Y|N|N|Y|N||Ubisoft EMEA|Nintendo Wii U
Nintendo Wii U|Ice Cream Surfer|7|28/04/2014|N|N|N|N|N|N|Y|N||Dolores Entertainment S.L.|Nintendo Wii U
Nintendo Wii U|NES Remix 2|7|25/04/2014|N|N|N|N|N|N|Y|N||Nintendo of Europe GmbH|Nintendo Wii U
Nintendo Wii U|Rubik's Cube|3|24/04/2014|N|N|N|N|N|N|N|N||Cypronia|Nintendo Wii U
Nintendo Wii U|Golden Sun|12|17/04/2014|N|N|N|N|Y|N|N|N|Your quest is to recover a powerful artefact that was stolen from your secluded village and now threatens the world with absolute destruction.|Nintendo of Europe GmbH|Nintendo Wii U
Nintendo Wii U|Art of Balance|3|17/04/2014|N|N|N|N|N|N|N|N||Shin'en Multimedia GmbH|Nintendo Wii U
Nintendo Wii U|LEGO The Hobbit|7|11/04/2014|N|N|N|Y|N|N|Y|N||Warner Brothers Entertainment UK Ltd|Nintendo Wii U
Nintendo Wii U|GAIABREAKER|7|10/04/2014|N|N|N|N|N|N|Y|N||UBIQUITOUS ENTERTAINMENT Inc.|Nintendo Wii U
Nintendo Wii U|Mario &amp; Luigi: Superstar Saga|3|03/04/2014|N|N|N|N|N|N|N|N||Nintendo of Europe GmbH|Nintendo Wii U
Nintendo Wii U|Advance Wars|7|03/04/2014|N|N|N|N|N|N|Y|N||Nintendo of Europe GmbH|Nintendo Wii U
Nintendo Wii U|Cubemen 2|7|27/03/2014|N|N|N|N|N|N|Y|N||Nnooo|Nintendo Wii U
Nintendo Wii U|Blood of the Werewolf|16|26/03/2014|N|N|N|N|N|N|Y|N|2D Platform adventure where you play as Selena, a woman who can transform into a werewolf, on a mission to rescue her infant son from an evil doctor.|Majesco Europe Limited|Nintendo Wii U
Nintendo Wii U|Batman Arkham Origins: Blackgate - Deluxe Edition|16|25/03/2014|N|N|N|N|N|N|Y|N||Warner Brothers Entertainment UK Ltd|Nintendo Wii U
Nintendo Wii U|Stick it to the Man|12|20/03/2014|Y|N|N|N|N|N|Y|N|After a freak accident, Ray gains the ability to read minds. With the help of an alien parasite, he must find the objects in the levels to avoid being captured by the Feds.|Ripstone Ltd|Nintendo Wii U
Nintendo Wii U|LUV ME BUDDIES WONDERLAND|3|18/03/2014|N|N|N|N|N|N|N|N||Oxygene Srl|Nintendo Wii U
Nintendo Wii U|Super Dodge Ball|7|13/03/2014|N|N|N|N|N|N|Y|N||Nintendo of Europe GmbH|Nintendo Wii U
Nintendo Wii U|Angry Bunnies|3|28/02/2014|N|N|N|N|N|N|N|N||Cypronia|Nintendo Wii U
Nintendo Wii U|GAIABREAKER|7|10/04/2014|N|N|N|N|N|N|Y|N||UBIQUITOUS ENTERTAINMENT Inc.|Nintendo Wii U
Nintendo Wii U|Mario &amp; Luigi: Superstar Saga|3|03/04/2014|N|N|N|N|N|N|N|N||Nintendo of Europe GmbH|Nintendo Wii U
Nintendo Wii U|Advance Wars|7|03/04/2014|N|N|N|N|N|N|Y|N||Nintendo of Europe GmbH|Nintendo Wii U
Nintendo Wii U|Cubemen 2|7|27/03/2014|N|N|N|N|N|N|Y|N||Nnooo|Nintendo Wii U
Nintendo Wii U|Blood of the Werewolf|16|26/03/2014|N|N|N|N|N|N|Y|N|2D Platform adventure where you play as Selena, a woman who can transform into a werewolf, on a mission to rescue her infant son from an evil doctor.|Majesco Europe Limited|Nintendo Wii U
Nintendo Wii U|Batman Arkham Origins: Blackgate - Deluxe Edition|16|25/03/2014|N|N|N|N|N|N|Y|N||Warner Brothers Entertainment UK Ltd|Nintendo Wii U
Nintendo Wii U|Stick it to the Man|12|20/03/2014|Y|N|N|N|N|N|Y|N|After a freak accident, Ray gains the ability to read minds. With the help of an alien parasite, he must find the objects in the levels to avoid being captured by the Feds.|Ripstone Ltd|Nintendo Wii U
Nintendo Wii U|LUV ME BUDDIES WONDERLAND|3|18/03/2014|N|N|N|N|N|N|N|N||Oxygene Srl|Nintendo Wii U
Nintendo Wii U|Super Dodge Ball|7|13/03/2014|N|N|N|N|N|N|Y|N||Nintendo of Europe GmbH|Nintendo Wii U
Nintendo Wii U|Angry Bunnies|3|28/02/2014|N|N|N|N|N|N|N|N||Cypronia|Nintendo Wii U
Nintendo Wii U|GAIABREAKER|7|10/04/2014|N|N|N|N|N|N|Y|N||UBIQUITOUS ENTERTAINMENT Inc.|Nintendo Wii U
Nintendo Wii U|Mario &amp; Luigi: Superstar Saga|3|03/04/2014|N|N|N|N|N|N|N|N||Nintendo of Europe GmbH|Nintendo Wii U
Nintendo Wii U|Advance Wars|7|03/04/2014|N|N|N|N|N|N|Y|N||Nintendo of Europe GmbH|Nintendo Wii U
Nintendo Wii U|Cubemen 2|7|27/03/2014|N|N|N|N|N|N|Y|N||Nnooo|Nintendo Wii U
Nintendo Wii U|Blood of the Werewolf|16|26/03/2014|N|N|N|N|N|N|Y|N|2D Platform adventure where you play as Selena, a woman who can transform into a werewolf, on a mission to rescue her infant son from an evil doctor.|Majesco Europe Limited|Nintendo Wii U
Nintendo Wii U|Batman Arkham Origins: Blackgate - Deluxe Edition|16|25/03/2014|N|N|N|N|N|N|Y|N||Warner Brothers Entertainment UK Ltd|Nintendo Wii U
Nintendo Wii U|Stick it to the Man|12|20/03/2014|Y|N|N|N|N|N|Y|N|After a freak accident, Ray gains the ability to read minds. With the help of an alien parasite, he must find the objects in the levels to avoid being captured by the Feds.|Ripstone Ltd|Nintendo Wii U
Nintendo Wii U|LUV ME BUDDIES WONDERLAND|3|18/03/2014|N|N|N|N|N|N|N|N||Oxygene Srl|Nintendo Wii U
Nintendo Wii U|Super Dodge Ball|7|13/03/2014|N|N|N|N|N|N|Y|N||Nintendo of Europe GmbH|Nintendo Wii U
Nintendo Wii U|Angry Bunnies|3|28/02/2014|N|N|N|N|N|N|N|N||Cypronia|Nintendo Wii U
Nintendo Wii U|Assassinâs CreedÂ® IV Black FlagTM|18|30/11/2013|Y|N|N|N|N|N|Y|N|You play as a Pirate during the golden age of pirating in the Caribbean. Gameplay is split between battling with ships and fighting on land with swords.|Ubisoft EMEA|Nintendo Wii U
Nintendo Wii U|Sonic Lost World|7|29/11/2013|N|N|N|N|N|N|Y|N||SEGA Europe Ltd|Nintendo Wii U
Nintendo Wii U|Pac-Man and the Ghostly Adventures|7|29/11/2013|N|N|N|N|N|N|Y|N||BANDAI NAMCO ENTERTAINMENT EUROPE S.A.S.|Nintendo Wii U
Nintendo Wii U|Super Mario 3D World|3|29/11/2013|N|N|N|N|N|N|N|N||Nintendo of Europe GmbH|Nintendo Wii U
Nintendo Wii U|Uncharted Waters: New Horizons|12|28/11/2013|N|N|N|N|Y|N|N|N|Early 90s RPG, where the player takes up the role of a captain and manages a seagoing fleet to participate in trades, privateering, treasure hunting, exploration.|Nintendo of Europe GmbH|Nintendo Wii U
Nintendo Wii U|BEN 10 Omniverseâ¢ 2|7|22/11/2013|N|N|N|N|N|N|Y|N||BANDAI NAMCO ENTERTAINMENT EUROPE S.A.S.|Nintendo Wii U
Nintendo Wii U|Zumba World Party|12|20/11/2013|Y|N|N|N|N|N|N|N|Learn different dance styles from around the world. Players mirror the on screen instructor's movements. Move in time to the music to gain points and burn calories.|505 Games S.p.A|Nintendo Wii U
Nintendo Wii U|Barbie Dreamhouse Party|3|18/11/2013|N|N|N|N|N|N|N|N||Little Orbit Europe, LTD.|Nintendo Wii U
Nintendo Wii U|ADVENTURE TIME: EXPLORE THE DUNGEON BECAUSE I DONâT KNOW!|7|15/11/2013|N|N|N|N|N|N|Y|N||BANDAI NAMCO ENTERTAINMENT EUROPE S.A.S.|Nintendo Wii U
Nintendo Wii U|LEGO Marvel Super Heroes|7|15/11/2013|N|N|N|Y|N|N|Y|N||Warner Brothers Entertainment UK Ltd|Nintendo Wii U
Nintendo Wii U|Assassinâs CreedÂ® IV Black FlagTM|18|30/11/2013|Y|N|N|N|N|N|Y|N|You play as a Pirate during the golden age of pirating in the Caribbean. Gameplay is split between battling with ships and fighting on land with swords.|Ubisoft EMEA|Nintendo Wii U
Nintendo Wii U|Sonic Lost World|7|29/11/2013|N|N|N|N|N|N|Y|N||SEGA Europe Ltd|Nintendo Wii U
Nintendo Wii U|Pac-Man and the Ghostly Adventures|7|29/11/2013|N|N|N|N|N|N|Y|N||BANDAI NAMCO ENTERTAINMENT EUROPE S.A.S.|Nintendo Wii U
Nintendo Wii U|Super Mario 3D World|3|29/11/2013|N|N|N|N|N|N|N|N||Nintendo of Europe GmbH|Nintendo Wii U
Nintendo Wii U|Uncharted Waters: New Horizons|12|28/11/2013|N|N|N|N|Y|N|N|N|Early 90s RPG, where the player takes up the role of a captain and manages a seagoing fleet to participate in trades, privateering, treasure hunting, exploration.|Nintendo of Europe GmbH|Nintendo Wii U
Nintendo Wii U|BEN 10 Omniverseâ¢ 2|7|22/11/2013|N|N|N|N|N|N|Y|N||BANDAI NAMCO ENTERTAINMENT EUROPE S.A.S.|Nintendo Wii U
Nintendo Wii U|Zumba World Party|12|20/11/2013|Y|N|N|N|N|N|N|N|Learn different dance styles from around the world. Players mirror the on screen instructor's movements. Move in time to the music to gain points and burn calories.|505 Games S.p.A|Nintendo Wii U
Nintendo Wii U|Barbie Dreamhouse Party|3|18/11/2013|N|N|N|N|N|N|N|N||Little Orbit Europe, LTD.|Nintendo Wii U
Nintendo Wii U|ADVENTURE TIME: EXPLORE THE DUNGEON BECAUSE I DONâT KNOW!|7|15/11/2013|N|N|N|N|N|N|Y|N||BANDAI NAMCO ENTERTAINMENT EUROPE S.A.S.|Nintendo Wii U
Nintendo Wii U|LEGO Marvel Super Heroes|7|15/11/2013|N|N|N|Y|N|N|Y|N||Warner Brothers Entertainment UK Ltd|Nintendo Wii U
Nintendo Wii U|Assassinâs CreedÂ® IV Black FlagTM|18|30/11/2013|Y|N|N|N|N|N|Y|N|You play as a Pirate during the golden age of pirating in the Caribbean. Gameplay is split between battling with ships and fighting on land with swords.|Ubisoft EMEA|Nintendo Wii U
Nintendo Wii U|Sonic Lost World|7|29/11/2013|N|N|N|N|N|N|Y|N||SEGA Europe Ltd|Nintendo Wii U
Nintendo Wii U|Pac-Man and the Ghostly Adventures|7|29/11/2013|N|N|N|N|N|N|Y|N||BANDAI NAMCO ENTERTAINMENT EUROPE S.A.S.|Nintendo Wii U
Nintendo Wii U|Super Mario 3D World|3|29/11/2013|N|N|N|N|N|N|N|N||Nintendo of Europe GmbH|Nintendo Wii U
Nintendo Wii U|Uncharted Waters: New Horizons|12|28/11/2013|N|N|N|N|Y|N|N|N|Early 90s RPG, where the player takes up the role of a captain and manages a seagoing fleet to participate in trades, privateering, treasure hunting, exploration.|Nintendo of Europe GmbH|Nintendo Wii U
Nintendo Wii U|BEN 10 Omniverseâ¢ 2|7|22/11/2013|N|N|N|N|N|N|Y|N||BANDAI NAMCO ENTERTAINMENT EUROPE S.A.S.|Nintendo Wii U
Nintendo Wii U|Zumba World Party|12|20/11/2013|Y|N|N|N|N|N|N|N|Learn different dance styles from around the world. Players mirror the on screen instructor's movements. Move in time to the music to gain points and burn calories.|505 Games S.p.A|Nintendo Wii U
Nintendo Wii U|Barbie Dreamhouse Party|3|18/11/2013|N|N|N|N|N|N|N|N||Little Orbit Europe, LTD.|Nintendo Wii U
Nintendo Wii U|ADVENTURE TIME: EXPLORE THE DUNGEON BECAUSE I DONâT KNOW!|7|15/11/2013|N|N|N|N|N|N|Y|N||BANDAI NAMCO ENTERTAINMENT EUROPE S.A.S.|Nintendo Wii U
Nintendo Wii U|LEGO Marvel Super Heroes|7|15/11/2013|N|N|N|Y|N|N|Y|N||Warner Brothers Entertainment UK Ltd|Nintendo Wii U
Nintendo Wii U|Just Dance 2014|3|01/10/2013|N|N|N|N|N|N|N|N||Ubisoft EMEA|Nintendo Wii U
Nintendo Wii U|Toki Tori|3|27/09/2013|N|N|N|N|N|N|N|N||Two Tribes Publishing B.V.|Nintendo Wii U
Nintendo Wii U|CastleStorm|12|25/09/2013|N|N|N|N|N|N|Y|N||ZEN Studios Ltd|Nintendo Wii U
Nintendo Wii U|Hot Wheels: World's Best Driver|7|20/09/2013|N|N|N|N|N|N|Y|N||Warner Brothers Entertainment UK Ltd|Nintendo Wii U
Nintendo Wii U|F1 Race Stars Powered Up Edition|3|06/09/2013|N|N|N|N|N|N|N|N||Codemasters|Nintendo Wii U
Nintendo Wii U|Rayman Legends|7|05/09/2013|N|N|N|Y|N|N|Y|N||Ubisoft EMEA|Nintendo Wii U
Nintendo Wii U|Spot The Differences: Party!|3|05/09/2013|N|N|N|N|N|N|N|N||Sanuk Games SARL|Nintendo Wii U
Nintendo Wii U|TNT Racers|3|01/09/2013|N|N|N|N|N|N|N|N||keen games GmbH &amp; Co. KG|Nintendo Wii U
Nintendo Wii U|Giana Sisters: Twisted Dreams|7|01/09/2013|N|N|N|Y|N|N|N|N||bitComposer Entertainment AG|Nintendo Wii U
Nintendo Wii U|Coaster Crazy Deluxe|3|28/08/2013|N|N|N|N|N|N|N|N||Frontier Developments PLC|Nintendo Wii U
Nintendo Wii U|Just Dance 2014|3|01/10/2013|N|N|N|N|N|N|N|N||Ubisoft EMEA|Nintendo Wii U
Nintendo Wii U|Toki Tori|3|27/09/2013|N|N|N|N|N|N|N|N||Two Tribes Publishing B.V.|Nintendo Wii U
Nintendo Wii U|CastleStorm|12|25/09/2013|N|N|N|N|N|N|Y|N||ZEN Studios Ltd|Nintendo Wii U
Nintendo Wii U|Hot Wheels: World's Best Driver|7|20/09/2013|N|N|N|N|N|N|Y|N||Warner Brothers Entertainment UK Ltd|Nintendo Wii U
Nintendo Wii U|F1 Race Stars Powered Up Edition|3|06/09/2013|N|N|N|N|N|N|N|N||Codemasters|Nintendo Wii U
Nintendo Wii U|Rayman Legends|7|05/09/2013|N|N|N|Y|N|N|Y|N||Ubisoft EMEA|Nintendo Wii U
Nintendo Wii U|Spot The Differences: Party!|3|05/09/2013|N|N|N|N|N|N|N|N||Sanuk Games SARL|Nintendo Wii U
Nintendo Wii U|TNT Racers|3|01/09/2013|N|N|N|N|N|N|N|N||keen games GmbH &amp; Co. KG|Nintendo Wii U
Nintendo Wii U|Giana Sisters: Twisted Dreams|7|01/09/2013|N|N|N|Y|N|N|N|N||bitComposer Entertainment AG|Nintendo Wii U
Nintendo Wii U|Coaster Crazy Deluxe|3|28/08/2013|N|N|N|N|N|N|N|N||Frontier Developments PLC|Nintendo Wii U
Nintendo Wii U|Just Dance 2014|3|01/10/2013|N|N|N|N|N|N|N|N||Ubisoft EMEA|Nintendo Wii U
Nintendo Wii U|Toki Tori|3|27/09/2013|N|N|N|N|N|N|N|N||Two Tribes Publishing B.V.|Nintendo Wii U
Nintendo Wii U|CastleStorm|12|25/09/2013|N|N|N|N|N|N|Y|N||ZEN Studios Ltd|Nintendo Wii U
Nintendo Wii U|Hot Wheels: World's Best Driver|7|20/09/2013|N|N|N|N|N|N|Y|N||Warner Brothers Entertainment UK Ltd|Nintendo Wii U
Nintendo Wii U|F1 Race Stars Powered Up Edition|3|06/09/2013|N|N|N|N|N|N|N|N||Codemasters|Nintendo Wii U
Nintendo Wii U|Rayman Legends|7|05/09/2013|N|N|N|Y|N|N|Y|N||Ubisoft EMEA|Nintendo Wii U
Nintendo Wii U|Spot The Differences: Party!|3|05/09/2013|N|N|N|N|N|N|N|N||Sanuk Games SARL|Nintendo Wii U
Nintendo Wii U|TNT Racers|3|01/09/2013|N|N|N|N|N|N|N|N||keen games GmbH &amp; Co. KG|Nintendo Wii U
Nintendo Wii U|Giana Sisters: Twisted Dreams|7|01/09/2013|N|N|N|Y|N|N|N|N||bitComposer Entertainment AG|Nintendo Wii U
Nintendo Wii U|Coaster Crazy Deluxe|3|28/08/2013|N|N|N|N|N|N|N|N||Frontier Developments PLC|Nintendo Wii U
Nintendo Wii U|Know Your Friends|12|06/06/2013|N|N|N|N|N|Y|N|N|Multi-player party game where you have to guess the correct reponses your friends have given to assorted questions in order to win.|Ubisoft EMEA|Nintendo Wii U
Nintendo Wii U|Spin the Bottle: Bumpie's Party|3|30/05/2013|N|N|N|N|N|N|N|N||KnapNok Games ApS|Nintendo Wii U
Nintendo Wii U|Resident Evil Revelations|16|24/05/2013|N|N|N|N|N|N|Y|N|The object of the game is to kill all enemies that may be infected and hunting for items that complete puzzles and unlock doors.|CE Europe Ltd.|Nintendo Wii U
Nintendo Wii U|Fast and Furious: Showdown|12|24/05/2013|Y|N|N|N|N|Y|Y|N|Driving action game where you partake in missions based around the film.|Activision Blizzard UK Ltd|Nintendo Wii U
Nintendo Wii U|Lego Batman 2: DC Super Heroes|7|24/05/2013|N|N|N|N|N|N|Y|N||Warner Brothers Entertainment UK Ltd|Nintendo Wii U
Nintendo Wii U|Kirby Super Star|3|23/05/2013|N|N|N|N|N|N|N|N||Nintendo of Europe GmbH|Nintendo Wii U
Nintendo Wii U|Super Ghouls 'N Ghosts|7|16/05/2013|N|N|N|N|N|N|Y|N||Nintendo of Europe GmbH|Nintendo Wii U
Nintendo Wii U|Cloudberry Kingdom|7|07/05/2013|N|N|N|N|N|N|Y|N||Ubisoft EMEA|Nintendo Wii U
Nintendo Wii U|Pinball Arcade|12|29/04/2013|N|N|N|N|N|N|Y|N|The gameplay consists of playing 4 different pinball machines, set in 4 countries, which provides specific tasks within the game associated with that environment.|FarSight Studios|Nintendo Wii U
Nintendo Wii U|Sniper Elite V2|16|22/04/2013|N|N|N|N|N|N|Y|N|World War Two based sniper game.|505 Games S.p.A|Nintendo Wii U
Nintendo Wii U|Know Your Friends|12|06/06/2013|N|N|N|N|N|Y|N|N|Multi-player party game where you have to guess the correct reponses your friends have given to assorted questions in order to win.|Ubisoft EMEA|Nintendo Wii U
Nintendo Wii U|Spin the Bottle: Bumpie's Party|3|30/05/2013|N|N|N|N|N|N|N|N||KnapNok Games ApS|Nintendo Wii U
Nintendo Wii U|Resident Evil Revelations|16|24/05/2013|N|N|N|N|N|N|Y|N|The object of the game is to kill all enemies that may be infected and hunting for items that complete puzzles and unlock doors.|CE Europe Ltd.|Nintendo Wii U
Nintendo Wii U|Fast and Furious: Showdown|12|24/05/2013|Y|N|N|N|N|Y|Y|N|Driving action game where you partake in missions based around the film.|Activision Blizzard UK Ltd|Nintendo Wii U
Nintendo Wii U|Lego Batman 2: DC Super Heroes|7|24/05/2013|N|N|N|N|N|N|Y|N||Warner Brothers Entertainment UK Ltd|Nintendo Wii U
Nintendo Wii U|Kirby Super Star|3|23/05/2013|N|N|N|N|N|N|N|N||Nintendo of Europe GmbH|Nintendo Wii U
Nintendo Wii U|Super Ghouls 'N Ghosts|7|16/05/2013|N|N|N|N|N|N|Y|N||Nintendo of Europe GmbH|Nintendo Wii U
Nintendo Wii U|Cloudberry Kingdom|7|07/05/2013|N|N|N|N|N|N|Y|N||Ubisoft EMEA|Nintendo Wii U
Nintendo Wii U|Pinball Arcade|12|29/04/2013|N|N|N|N|N|N|Y|N|The gameplay consists of playing 4 different pinball machines, set in 4 countries, which provides specific tasks within the game associated with that environment.|FarSight Studios|Nintendo Wii U
Nintendo Wii U|Sniper Elite V2|16|22/04/2013|N|N|N|N|N|N|Y|N|World War Two based sniper game.|505 Games S.p.A|Nintendo Wii U
Nintendo Wii U|Know Your Friends|12|06/06/2013|N|N|N|N|N|Y|N|N|Multi-player party game where you have to guess the correct reponses your friends have given to assorted questions in order to win.|Ubisoft EMEA|Nintendo Wii U
Nintendo Wii U|Spin the Bottle: Bumpie's Party|3|30/05/2013|N|N|N|N|N|N|N|N||KnapNok Games ApS|Nintendo Wii U
Nintendo Wii U|Resident Evil Revelations|16|24/05/2013|N|N|N|N|N|N|Y|N|The object of the game is to kill all enemies that may be infected and hunting for items that complete puzzles and unlock doors.|CE Europe Ltd.|Nintendo Wii U
Nintendo Wii U|Fast and Furious: Showdown|12|24/05/2013|Y|N|N|N|N|Y|Y|N|Driving action game where you partake in missions based around the film.|Activision Blizzard UK Ltd|Nintendo Wii U
Nintendo Wii U|Lego Batman 2: DC Super Heroes|7|24/05/2013|N|N|N|N|N|N|Y|N||Warner Brothers Entertainment UK Ltd|Nintendo Wii U
Nintendo Wii U|Kirby Super Star|3|23/05/2013|N|N|N|N|N|N|N|N||Nintendo of Europe GmbH|Nintendo Wii U
Nintendo Wii U|Super Ghouls 'N Ghosts|7|16/05/2013|N|N|N|N|N|N|Y|N||Nintendo of Europe GmbH|Nintendo Wii U
Nintendo Wii U|Cloudberry Kingdom|7|07/05/2013|N|N|N|N|N|N|Y|N||Ubisoft EMEA|Nintendo Wii U
Nintendo Wii U|Pinball Arcade|12|29/04/2013|N|N|N|N|N|N|Y|N|The gameplay consists of playing 4 different pinball machines, set in 4 countries, which provides specific tasks within the game associated with that environment.|FarSight Studios|Nintendo Wii U
Nintendo Wii U|Sniper Elite V2|16|22/04/2013|N|N|N|N|N|N|Y|N|World War Two based sniper game.|505 Games S.p.A|Nintendo Wii U
Nintendo Wii U|Zen Pinball 2|12|14/12/2012|Y|N|N|N|N|N|Y|N|Play pinball with your favourite Marvel comic heroes|ZEN Studios Ltd|Nintendo Wii U
Nintendo Wii U|Warriors Orochi 3 Hyper|12|07/12/2012|Y|N|N|N|N|N|Y|N|Japanese fighting game where you fight large hordes of enemies.|Koei Tecmo Europe Ltd|Nintendo Wii U
Nintendo Wii U|Your Shape Fitness Evolved 2013|3|06/12/2012|N|N|N|N|N|N|N|N||Ubisoft EMEA|Nintendo Wii U
Nintendo Wii U|ZombiUâ¢|18|06/12/2012|Y|N|N|N|N|N|Y|N|As the sole survivor of an infection which has turned most of the population into zombies, you must fight your way through hordes of the living dead in order to carry out a number of assigned missions.|Ubisoft EMEA|Nintendo Wii U
Nintendo Wii U|Ben 10 Omniverse|12|30/11/2012|N|N|N|N|N|N|Y|N|3D action adventure game of the Ben 10 series on Cartoon Network. You must complete levels and puzzles and to do that you can temporarily change into an alien.|BANDAI NAMCO ENTERTAINMENT EUROPE S.A.S.|Nintendo Wii U
Nintendo Wii U|Nintendo Land|7|30/11/2012|N|N|N|Y|N|N|Y|N||Nintendo of Europe GmbH|Nintendo Wii U
Nintendo Wii U|Just DanceÂ®4|3|30/11/2012|N|N|N|N|N|N|N|N||Ubisoft EMEA|Nintendo Wii U
Nintendo Wii U|New Super Mario Bros. U|3|30/11/2012|N|N|N|N|N|N|N|N||Nintendo of Europe GmbH|Nintendo Wii U
Nintendo Wii U|Batman: Arkham City Armored Edition|16|30/11/2012|N|N|N|N|N|N|Y|N|Batman explores some of the most dangerous parts of Arkham City. Along the way, he will search for a cure to the 'Toxin', not only encounter some of his worst enemies but also a plan that could topple...|Warner Brothers Entertainment UK Ltd|Nintendo Wii U
Nintendo Wii U|Scribblenauts Unlimited|12|30/11/2012|N|N|N|N|N|N|Y|N|2D adventure game where your character can create people and objects to help solve problems. This is done by the player writing a word of their choice in 'the magic notebook'.|Warner Brothers Entertainment UK Ltd|Nintendo Wii U
Nintendo Wii U|Tekken Tag Tournament 2 Wii U Edition|16|30/11/2012|N|N|N|N|N|N|Y|N|Arcade style beat em up with martial arts based violence.|BANDAI NAMCO ENTERTAINMENT EUROPE S.A.S.|Nintendo Wii U
Nintendo Wii U|Sports Connection|3|30/11/2012|N|N|N|N|N|N|N|N||Ubisoft EMEA|Nintendo Wii U
Nintendo Wii U|Assassinâs CreedÂ® III|18|30/11/2012|Y|N|N|N|N|N|Y|N|Fifth installment of the Assassin's Creed series.|Ubisoft EMEA|Nintendo Wii U
Nintendo Wii U|Game Party Champions|3|30/11/2012|N|N|N|N|N|N|N|N||Warner Brothers Entertainment UK Ltd|Nintendo Wii U
Nintendo Wii U|Disney Epic Mickey 2: The Power of Two|7|30/11/2012|N|N|N|N|N|N|Y|N||The Walt Disney Company Ltd|Nintendo Wii U
Nintendo Wii U|Sonic &amp; All-Stars Racing Transformed|7|30/11/2012|N|N|N|Y|N|N|Y|N||SEGA Europe Ltd|Nintendo Wii U
Nintendo Wii U|Family Party: 30 Great Games Obstacle Arcade|7|30/11/2012|N|N|N|N|N|N|Y|N||BANDAI NAMCO ENTERTAINMENT EUROPE S.A.S.|Nintendo Wii U
Nintendo Wii U|NBA2K13|3|30/11/2012|N|N|N|N|N|N|N|N||Take2 Interactive Software Europe ltd|Nintendo Wii U
Nintendo Wii U|Little Inferno|12|30/11/2012|N|N|N|N|N|N|Y|N|The player is presented with a virtual fireplace in which he is required to burn a variety of objects from old toys to other flammable items. The acquisition of sufficient points then allows the player...|Experimental Gameplay Group, LLC (DBA: Tomorrow Corporation, LLC)|Nintendo Wii U
Nintendo Wii U|Chasing Aurora|3|30/11/2012|N|N|N|N|N|N|N|N||Broken Rules Interactive Media GmbH|Nintendo Wii U
Nintendo Wii U|Tekken Tag Tournament 2 Wii U Edition|16|30/11/2012|N|N|N|N|N|N|Y|N|Arcade style beat em up with martial arts based violence.|BANDAI NAMCO ENTERTAINMENT EUROPE S.A.S.|Nintendo Wii U
Nintendo Wii U|Sports Connection|3|30/11/2012|N|N|N|N|N|N|N|N||Ubisoft EMEA|Nintendo Wii U
Nintendo Wii U|Assassinâs CreedÂ® III|18|30/11/2012|Y|N|N|N|N|N|Y|N|Fifth installment of the Assassin's Creed series.|Ubisoft EMEA|Nintendo Wii U
Nintendo Wii U|Game Party Champions|3|30/11/2012|N|N|N|N|N|N|N|N||Warner Brothers Entertainment UK Ltd|Nintendo Wii U
Nintendo Wii U|Disney Epic Mickey 2: The Power of Two|7|30/11/2012|N|N|N|N|N|N|Y|N||The Walt Disney Company Ltd|Nintendo Wii U
Nintendo Wii U|Sonic &amp; All-Stars Racing Transformed|7|30/11/2012|N|N|N|Y|N|N|Y|N||SEGA Europe Ltd|Nintendo Wii U
Nintendo Wii U|Family Party: 30 Great Games Obstacle Arcade|7|30/11/2012|N|N|N|N|N|N|Y|N||BANDAI NAMCO ENTERTAINMENT EUROPE S.A.S.|Nintendo Wii U
Nintendo Wii U|NBA2K13|3|30/11/2012|N|N|N|N|N|N|N|N||Take2 Interactive Software Europe ltd|Nintendo Wii U
Nintendo Wii U|Little Inferno|12|30/11/2012|N|N|N|N|N|N|Y|N|The player is presented with a virtual fireplace in which he is required to burn a variety of objects from old toys to other flammable items. The acquisition of sufficient points then allows the player...|Experimental Gameplay Group, LLC (DBA: Tomorrow Corporation, LLC)|Nintendo Wii U
Nintendo Wii U|Chasing Aurora|3|30/11/2012|N|N|N|N|N|N|N|N||Broken Rules Interactive Media GmbH|Nintendo Wii U
Nintendo Wii U|Tekken Tag Tournament 2 Wii U Edition|16|30/11/2012|N|N|N|N|N|N|Y|N|Arcade style beat em up with martial arts based violence.|BANDAI NAMCO ENTERTAINMENT EUROPE S.A.S.|Nintendo Wii U
Nintendo Wii U|Sports Connection|3|30/11/2012|N|N|N|N|N|N|N|N||Ubisoft EMEA|Nintendo Wii U
Nintendo Wii U|Assassinâs CreedÂ® III|18|30/11/2012|Y|N|N|N|N|N|Y|N|Fifth installment of the Assassin's Creed series.|Ubisoft EMEA|Nintendo Wii U
Nintendo Wii U|Game Party Champions|3|30/11/2012|N|N|N|N|N|N|N|N||Warner Brothers Entertainment UK Ltd|Nintendo Wii U
Nintendo Wii U|Disney Epic Mickey 2: The Power of Two|7|30/11/2012|N|N|N|N|N|N|Y|N||The Walt Disney Company Ltd|Nintendo Wii U
Nintendo Wii U|Sonic &amp; All-Stars Racing Transformed|7|30/11/2012|N|N|N|Y|N|N|Y|N||SEGA Europe Ltd|Nintendo Wii U
Nintendo Wii U|Family Party: 30 Great Games Obstacle Arcade|7|30/11/2012|N|N|N|N|N|N|Y|N||BANDAI NAMCO ENTERTAINMENT EUROPE S.A.S.|Nintendo Wii U
Nintendo Wii U|NBA2K13|3|30/11/2012|N|N|N|N|N|N|N|N||Take2 Interactive Software Europe ltd|Nintendo Wii U
Nintendo Wii U|Little Inferno|12|30/11/2012|N|N|N|N|N|N|Y|N|The player is presented with a virtual fireplace in which he is required to burn a variety of objects from old toys to other flammable items. The acquisition of sufficient points then allows the player...|Experimental Gameplay Group, LLC (DBA: Tomorrow Corporation, LLC)|Nintendo Wii U
Nintendo Wii U|Chasing Aurora|3|30/11/2012|N|N|N|N|N|N|N|N||Broken Rules Interactive Media GmbH|Nintendo Wii U
